Species,SPLIT,ID,SMILES,logki,source
A,1,1,CSP(=O)(c1ccccc1)c2ccccc2,2.34,a
A,1,2,O=P(SCC)(c1ccccc1)c2ccccc2,2.69,a
A,1,3,O=P(SCCC)(c1ccccc1)c2ccccc2,3.08,a
A,1,4,O=P(SCCCC)(c1ccccc1)c2ccccc2,3.4,a
A,1,5,O=P(SCCCCC)(c1ccccc1)c2ccccc2,3.66,a
A,1,6,O=P(SCCCCCC)(c1ccccc1)c2ccccc2,3.76,a
A,1,7,O=P(SC(C)C)(c1ccccc1)c2ccccc2,1.48,a
A,1,8,O=P(SC(C)CC)(c1ccccc1)c2ccccc2,1.7,a
A,1,9,O=P(SC(CC)CC)(c1ccccc1)c2ccccc2,1.85,a
A,1,10,O=P(SCCSC)(OCC)c1ccccc1,4.79,a
A,1,11,O=P(SCCSCC)(OCC)c1ccccc1,4.49,a
A,1,11,O=P(SCCSCC)(OCC)c1ccccc1,4.49,d
A,1,12,O=P(SCCSCCC)(OCC)c1ccccc1,4.41,a
A,1,13,O=P(SCCSCCCC)(OCC)c1ccccc1,5.36,a
A,1,13,O=P(SCCSCCCC)(OCC)c1ccccc1,4.37,b
A,1,14,O=P(SCCSCCCCC)(OCC)c1ccccc1,4.85,a
A,1,15,O=P(SCCSCCCCCC)(OCC)c1ccccc1,4.23,a
A,1,16,O=P(SCC[S+](C)C)(OCC)c1ccccc1,8.18,a
A,1,17,CC[S+](C)CCSP(=O)(OCC)c1ccccc1,7.88,a
A,1,18,O=P(SCC[S+](CCC)C)(OCC)c1ccccc1,8.04,a
A,1,19,O=P(SCC[S+](CCCC)C)(OCC)c1ccccc1,7.76,a
A,1,20,O=P(SCC[S+](CCCCC)C)(OCC)c1ccccc1,8.08,a
A,1,21,O=P(SCC[S+](CCCCCC)C)(OCC)c1ccccc1,8.15,a
A,1,22,O=P(SCCSC)(OCCC)c1ccccc1,4.74,a
A,1,23,O=P(SCCSC)(OCCCC)c1ccccc1,5.18,a
A,1,24,O=P(SCCSC)(OCCCCC)c1ccccc1,5.23,a
A,1,25,O=P(SCCSC)(OCCCCCC)c1ccccc1,5.28,a
A,1,26,O=P(SCC[S+](C)C)(OCCC)c1ccccc1,7.74,a
A,1,27,O=P(SCC[S+](C)C)(OCCCC)c1ccccc1,8.38,a
A,1,28,O=P(SCC[S+](C)C)(OCCCCC)c1ccccc1,8.3,a
A,1,29,O=P(SCC[S+](C)C)(OCCCCCC)c1ccccc1,8.08,a
A,1,30,O=P(OSC)(OCC)c1ccccc1,2.46,a
A,1,31,O=P(OSCC)(OCC)c1ccccc1,2.58,a
A,1,32,O=P(OSCCC)(OCC)c1ccccc1,2.41,a
A,1,33,O=P(OSCCCC)(OCC)c1ccccc1,2.76,a
A,1,34,O=P(OSCCCCC)(OCC)c1ccccc1,3.06,a
A,1,35,O=P(OSCCCCCC)(OCC)c1ccccc1,3.32,a
A,1,36,O=P(SCCSCC)(OCC)C1CCCCC1,2.18,a
A,1,37,O=P(SCCSCCC)(OCC)C1CCCCC1,2.45,a
A,1,38,O=P(SCCSCCCC)(OCC)C1CCCCC1,2.6,a
A,1,39,O=P(SCCSCCCCC)(OCC)C1CCCCC1,2.46,a
A,1,40,O=P(SCCSCCCCCC)(OCC)C1CCCCC1,3.18,a
A,1,41,O=P(SCCSCCCCCCC)(OCC)C1CCCCC1,2.92,a
A,1,42,O=P(SCCSCCCCCCCC)(OCC)C1CCCCC1,2.98,a
A,1,43,O=P(SCCSCCCCCCCCC)(OCC)C1CCCCC1,3.18,a
A,1,44,O=P(SCC[S+](c1ccccc1)C)(OCC)C2CCCCC2,5,a
A,1,45,O=P(SCC[S+](C)c1ccccc1)(OCC)C2CCCCC2,4.85,a
A,1,46,O=P(SCC[S+](CCCC)C)(OCC)C1CCCCC1,5.04,a
A,1,47,O=P(OCC)(SCC[S+](C)C1CCCCC1)C2CCCCC2,5.52,a
A,1,48,O=P(SCC[S+](CCCCCC)C)(OCC)C1CCCCC1,5.97,a
A,1,49,O=P(SCC[S+](CCCCCCC)C)(OCC)C1CCCCC1,6,a
A,1,50,O=P(SCC[S+](CCCCCCCC)C)(OCC)C1CCCCC1,6.08,a
A,1,51,O=P(SCC[S+](CCCCCCCCC)C)(OCC)C1CCCCC1,5.45,a
A,1,52,O=P(SCCSCC)(Cc1ccccc1)OCC,4.18,a
A,1,53,O=P(SCCSCCC)(OCC)Cc1ccccc1,4.41,a
A,1,54,O=P(SCCSCCCC)(OCC)Cc1ccccc1,4.46,a
A,1,55,O=P(SCCSCCCCC)(OCC)Cc1ccccc1,4.11,a
A,1,56,O=P(SCCSCCCCCC)(OCC)Cc1ccccc1,4.52,a
A,1,57,O=P(SCCSCCCCCCC)(OCC)Cc1ccccc1,5.32,a
A,1,58,O=P(SCCSCCCCCCCC)(OCC)Cc1ccccc1,5.34,a
A,1,59,O=P(SCCSCCCCCCCCC)(OCC)Cc1ccccc1,5.38,a
A,1,60,O=P(SCC[S+](CC)C)(OCC)Cc1ccccc1,7,a
A,1,61,O=P(SCC[S+](CCC)C)(OCC)Cc1ccccc1,6.91,a
A,1,62,O=P(SCC[S+](CCCC)C)(OCC)Cc1ccccc1,7.08,a
A,1,63,O=P(SCC[S+](CCCCC)C)(OCC)Cc1ccccc1,7.11,a
A,1,64,O=P(SCC[S+](CCCCCC)C)(OCC)Cc1ccccc1,6.97,a
A,1,65,O=P(SCC[S+](CCCCCCC)C)(OCC)Cc1ccccc1,7.15,a
A,1,66,O=P(SCC[S+](CCCCCCCC)C)(OCC)Cc1ccccc1,7.2,a
A,1,67,CCCCCCCCC[S+](C)CCSP(=O)(Cc1ccccc1)OCC,7.45,a
A,1,68,O=P(OCCCC)(OCCCC)SC,3.88,a
A,1,69,O=P(OCCCC)(OCCCC)SCC,4.08,a
A,1,70,O=P(OCCCC)(OCCCC)SCCC,3.93,a
A,1,71,O=P(OCCCC)(OCCCC)SCCCC,4.08,a
A,1,72,O=P(OCCCC)(OCCCC)SCCCCC,4.32,a
A,1,73,O=P(OCCCC)(OCCCC)SCCCCCC,4.34,a
A,1,74,O=P(OCCCC)(OCCCC)SC(CC)C,4.38,a
A,1,75,O=P(OCCCC)(OCCCC)SC(CC)CC,4.97,a
A,1,76,O=P(OCCCCCC)(OCCCCCC)SC,3.69,a
A,1,77,O=P(OCCCCCC)(OCCCCCC)SCC,3.52,a
A,1,78,O=P(OCCCCCC)(OCCCCCC)SCCC,4.11,a
A,1,79,O=P(OCCCCCC)(OCCCCCC)SCCCC,4.32,a
A,1,80,O=P(OCCCCCC)(OCCCCCC)SCCCCC,4.15,a
A,1,81,O=P(OCCCCCC)(OCCCCCC)SCCCCCC,3.91,a
A,1,82,CCCCCCOP(=O)(OCCCCCC)SC(C)CC,3.72,a
A,1,83,O=P(OCCCCCC)(OCCCCCC)SC(CC)CC,4.18,a
A,1,84,COc1ccc(cc1)N(C)CCSP(=O)(OCCC)OCCC,4.95,a
A,1,85,Cc1ccc(cc1)N(C)CCSP(=O)(OCCC)OCCC,5.2,a
A,1,86,O=P(OCCC)(OCCC)SCCN(c1cc(ccc1)C)C,5.26,a
A,1,87,CN(CCSP(=O)(OCCC)OCCC)c1ccccc1,5.23,a
A,1,88,COc1cccc(c1)N(C)CCSP(=O)(OCCC)OCCC,5.18,a
A,1,89,CN(CCSP(=O)(OCCC)OCCC)c1ccc(Cl)cc1,5.67,a
A,1,90,CN(CCSP(=O)(OCCC)OCCC)c1cc(Cl)ccc1,5.49,a
A,1,91,COc1ccc(cc1)N(C)CCSP(=O)(OCCCC)OCCCC,5.43,a
A,1,92,Cc1ccc(cc1)N(C)CCSP(=O)(OCCCC)OCCCC,6.11,a
A,1,93,Cc1cc(ccc1)N(C)CCSP(=O)(OCCCC)OCCCC,5.67,a
A,1,94,CN(CCSP(=O)(OCCCC)OCCCC)c1ccccc1,5.83,a
A,1,95,COc1cccc(c1)N(C)CCSP(=O)(OCCCC)OCCCC,5.51,a
A,1,96,CN(CCSP(=O)(OCCCC)OCCCC)c1ccc(Cl)cc1,6.08,a
A,1,97,CN(CCSP(=O)(OCCCC)OCCCC)c1cc(Cl)ccc1,5.73,a
A,1,98,COc1ccc(cc1)[N+](C)(C)CCSP(=O)(OCCC)OCCC,7.18,a
A,1,99,Cc1ccc(cc1)[N+](C)(C)CCSP(=O)(OCCC)OCCC,7.56,a
A,1,100,Cc1cc(ccc1)[N+](C)(C)CCSP(=O)(OCCC)OCCC,7.41,a
A,1,101,C[N+](C)(CCSP(=O)(OCCC)OCCC)c1ccccc1,7.45,a
A,1,102,COc1cccc(c1)[N+](C)(C)CCSP(=O)(OCCC)OCCC,7.34,a
A,1,103,COc1ccc(cc1)[N+](C)(C)CCSP(=O)(OCCCC)OCCCC,7.41,a
A,1,104,O=P(OCCCC)(OCCCC)SCC[N+](c1ccc(cc1)C)(C)C,7.79,a
A,1,105,Cc1cc(ccc1)[N+](C)(C)CCSP(=O)(OCCCC)OCCCC,7.57,a
A,1,106,C[N+](C)(CCSP(=O)(OCCCC)OCCCC)c1ccccc1,7.8,a
A,1,107,COc1cccc(c1)[N+](C)(C)CCSP(=O)(OCCCC)OCCCC,7.62,a
A,1,108,COc1ccc(cc1)N(C)CCSP(=O)(OC(C)C)OC(C)C,3.4,a
A,1,109,Cc1ccc(cc1)N(C)CCSP(=O)(OC(C)C)OC(C)C,3.63,a
A,1,110,Cc1cc(ccc1)N(C)CCSP(=O)(OC(C)C)OC(C)C,3.57,a
A,1,111,CN(CCSP(=O)(OC(C)C)OC(C)C)c1ccccc1,2.95,a
A,1,112,COc1cccc(c1)N(C)CCSP(=O)(OC(C)C)OC(C)C,3.53,a
A,1,113,CN(CCSP(=O)(OC(C)C)OC(C)C)c1ccc(Cl)cc1,4.63,a
A,1,114,CN(CCSP(=O)(OC(C)C)OC(C)C)c1cc(Cl)ccc1,4.65,a
A,1,115,COc1ccc(cc1)[N+](C)(C)CCSP(=O)(OC(C)C)OC(C)C,6.08,a
A,1,116,Cc1ccc(cc1)[N+](C)(C)CCSP(=O)(OC(C)C)OC(C)C,6.2,a
A,1,117,Cc1cc(ccc1)[N+](C)(C)CCSP(=O)(OC(C)C)OC(C)C,6.48,a
A,1,118,C[N+](C)(CCSP(=O)(OC(C)C)OC(C)C)c1ccccc1,5.97,a
A,1,119,COc1cccc(c1)[N+](C)(C)CCSP(=O)(OC(C)C)OC(C)C,6.46,a
A,1,120,CN(CCSP(=O)(OCC)OCC)C1CCCCC1,5.66,a
A,1,121,CN(CCSP(=O)(OCCC)OCCC)C1CCCCC1,6.38,a
A,1,122,CN(CCSP(=O)(OC(C)C)OC(C)C)C1CCCCC1,4.26,a
A,1,123,CN(CCSP(=O)(OCCCC)OCCCC)C1CCCCC1,6.54,a
A,1,124,C[N+](C)(CCSP(=O)(OCC)OCC)C1CCCCC1,6.3,a
A,1,125,C[N+](C)(CCSP(=O)(OCCC)OCCC)C1CCCCC1,5,a
A,1,126,C[N+](C)(CCSP(=O)(OC(C)C)OC(C)C)C1CCCCC1,7.11,a
A,1,127,C[N+](C)(CCSP(=O)(OCCCC)OCCCC)C1CCCCC1,5.11,a
A,1,128,CP(C)(=O)SC(c1ccccc1)c2ccccc2,5.69,a
A,1,129,O=P(SC(c1ccccc1)c2ccccc2)(OCC)OCC,5.26,a
A,1,129,O=P(SC(c1ccccc1)c2ccccc2)(OCC)OCC,5.26,h
A,1,130,CCP(=O)(SC(c1ccccc1)c2ccccc2)CC,3.16,a
A,1,130,CCP(=O)(SC(c1ccccc1)c2ccccc2)CC,3.16,h
A,1,131,O=P(SC(c1ccccc1)c2ccccc2)(c3ccccc3)c4ccccc4,4.34,a
A,1,132,O=P(C)(OCC)SCCC,2.72,c
A,1,133,CCOP(C)(=O)SCCCCCC,4.41,c
A,1,134,CCOP(C)(=O)S\C=C\C=C\SCC,6.75,c
A,1,135,CCOP(C)(=O)SCCSCC,5.08,c
A,1,135,CCOP(C)(=O)SCCSCC,4.78,d
A,1,136,C[S+](CCSP(C)(=O)OCC)CC,7.57,c
A,1,137,CP(=O)(CC)SCC[S+](C)CC,4.69,c
A,1,138,O=P(C)(CC)S\C=C\C=C\SCC,6.32,c
A,1,139,CP(=O)(SC(c1ccccc1)c2ccccc2)OCC,5.69,h
A,1,140,O=P(SC(c1ccccc1)c2ccccc2)(OCC)c3ccccc3,4.44,h
A,1,141,CC(C)OP(=O)(OC(C)C)SC,1.77,h
A,1,142,O=P(SC)(OCC)c1ccccc1,2.46,i
A,1,143,O=P(SCC)(OCC)c1ccccc1,2.58,i
A,1,144,O=P(SCCC)(OCC)c1ccccc1,2.41,i
A,1,145,O=P(SCCCC)(OCC)c1ccccc1,2.76,i
A,1,146,O=P(SCCCCC)(OCC)c1ccccc1,3.06,i
A,1,147,O=P(SCCCCCC)(OCC)c1ccccc1,3.33,i
A,1,148,CP(=O)(OCC)SCCSCc1ccccc1,7.4,d
A,1,149,O=P(OCC)(OCC)SCCSCc1ccccc1,4.2,d
A,1,150,CP(=O)(OCCCC)SCCSCc1ccccc1,7.4,d
A,1,151,O=P(SCCSCc1ccccc1)(OCC)c2ccccc2,4.83,d
A,1,152,CP(=O)(OCC)SCCSc1ccccc1,5.57,d
A,1,153,CP(=O)(OCCCC)SCCSc1ccccc1,7.23,d
A,1,154,O=P(OCCCC)(OCCCC)SCCSc1ccccc1,6.18,d
A,1,155,O=P(OCC)(SCCSc1ccccc1)c2ccccc2,5.04,d
A,1,156,CP(=O)(OCC)SCCSCc1ccc(C)cc1,4.45,d
A,1,157,O=P(SCCSCCCCCC)(Cc1ccccc1)OCC,4.52,j
A,1,158,O=P(SCCSCCCCCCC)(Cc1ccccc1)OCC,5.32,j
A,1,159,O=P(SCCSCCCCCCCC)(Cc1ccccc1)OCC,5.34,j
A,1,160,O=P(SCCSCCCCCCCCC)(Cc1ccccc1)OCC,5.38,j
A,1,161,CCCCC[S+](C)CCSP(=O)(Cc1ccccc1)OCC,7.11,j
A,1,162,CCCCCC[S+](C)CCSP(=O)(Cc1ccccc1)OCC,6.97,j
A,1,163,CCCCCCC[S+](C)CCSP(=O)(Cc1ccccc1)OCC,7.11,j
A,1,164,CCCCCCCC[S+](C)CCSP(=O)(Cc1ccccc1)OCC,7.2,j
A,1,165,CCOP(=O)(C\C=C\CCC)SCCSCC,2.18,b
A,1,166,CCOP(=O)(C\C=C\CCC)SCCSCCC,2.45,b
A,1,167,CCOP(=O)(C\C=C\CCC)SCCSCCCC,2.6,b
A,1,168,CCOP(=O)(C\C=C\CCC)SCCSCCCCC,2.46,b
A,1,169,CCOP(=O)(C\C=C\CCC)SCCSCCCCCC,3.11,b
A,1,170,CCOP(=O)(C\C=C\CCC)SCCSCCCCCCC,2.92,b
A,1,171,CCOP(=O)(C\C=C\CCC)SCCSCCCCCCCC,2.98,b
A,1,172,CCOP(=O)(C\C=C\CCC)SCCSCCCCCCCCC,3.18,b
A,1,173,C[S+](CCSP(=O)(OCC)C\C=C\CCC)CC,5,b
A,1,174,C[S+](CCSP(=O)(OCC)C\C=C\CCC)CCC,4.85,b
A,1,175,C[S+](CCSP(=O)(OCC)C\C=C\CCC)CCCC,5.04,b
A,1,176,C[S+](CCSP(=O)(OCC)C\C=C\CCC)CCCCC,5.52,b
A,1,177,C[S+](CCSP(=O)(OCC)C\C=C\CCC)CCCCCC,5.97,b
A,1,178,CCCCCC[S+](C)CCSP(=O)(OCC)c1ccccc1,8.14,b
A,1,179,C[S+](CCSP(=O)(OCC)C\C=C\CCC)CCCCCCC,5,b
A,1,180,C[S+](CCSP(=O)(OCC)C\C=C\CCC)CCCCCCCC,4.08,b
A,1,181,C[S+](CCSP(=O)(OCC)C\C=C\CCC)CCCCCCCCC,5.45,b
A,1,182,CC(SP(=O)(c1ccccc1)c2ccccc2)CCC,-0.15,k
A,1,183,O=S(C)CCSP(C)(=O)OCC,5.46,l
A,1,184,O=S(CCSP(C)(=O)OCC)CC,5.18,l
A,1,185,O=S(CCSP(C)(=O)OCC)CCC,5.51,l
A,1,186,O=S(CCSP(C)(=O)OCC)CCCC,5.68,l
A,1,187,O=S(CCSP(C)(=O)OCC)CCCCC,5.86,l
A,1,188,O=S(CCSP(C)(=O)OCC)CCCCCC,5.96,l
A,1,189,CC(OP(C)(F)=O)C(C)(C)C,7.94,hh
A,1,189,CC(OP(C)(F)=O)C(C)(C)C,7.95,hh
A,1,190,CC(C)OP(C)(F)=O,7.14,hh
A,1,190,CC(C)OP(C)(F)=O,7.26,hh
A,1,191,N#CP(=O)(OCC)N(C)C,6.54,hh
A,1,191,N#CP(=O)(OCC)N(C)C,6.6,hh
A,1,192,CCOP(C)(=O)SCCN(C(C)C)C(C)C,8.08,hh
A,1,192,CCOP(C)(=O)SCCN(C(C)C)C(C)C,7.6,hh
A,1,193,CP(=O)(OCC)Oc1cc2c(cc1)ccc[n+]2C,9.15,hh
A,1,250,FP(=O)(OC(C)C)OC(C)C,4.69,aaa
A,1,428,Cl/C(=N\OP(=O)(OCCCC)OCCCC)CCl,6.06,w
A,1,430,Cl/C(=N\OP(=O)(OCCCCC)OCCCCC)CCl,5.91,w
A,1,461,COP(=O)(OC)O\N=C(\Cl)CCl,4.96,w
A,1,462,CCOP(=O)(OCC)O\N=C(\Cl)CCl,4.83,w
A,1,464,CCCOP(=O)(O\N=C(\Cl)CCl)OCCC,5.25,w
A,1,466,COP(=O)(OC)O\N=C(\Cl)C,4.04,q
A,1,470,Cl\C(C)=N\OP(=O)(OCCCC)OCCCC,3.47,q
A,1,471,Cl\C(C)=N\OP(=O)(OCCCCC)OCCCCC,4.09,q
A,1,472,Cl\C(=N\OP(=O)(OCCCC)OCCCC)CCl,6.06,q
A,1,559,COP(=O)(OC)O\N=C(/F)Cl,4.76,q
A,1,560,CCOP(=O)(OCC)O\N=C(/F)Cl,5.27,q
A,1,561,CCCOP(=O)(O\N=C(/F)Cl)OCCC,5.18,q
A,1,562,F/C(Cl)=N\OP(=O)(OCCCC)OCCCC,5.29,q
A,1,563,F/C(Cl)=N\OP(=O)(OCCCCC)OCCCCC,5.99,q
A,1,564,CCOP(=O)(OCC)O\N=C(\Cl)C(C)C,2.78,q
A,1,565,CC(C)OP(=O)(OC(C)C)O\N=C(\Cl)C,4.93,q
A,1,566,Cl\C(C)=N\OP(=O)(OCCCCCC)OCCCCCC,5,q
A,1,567,Cl\C(=N\OP(=O)(OCCCC)OCCCC)CC,3.66,q
A,1,568,Cl\C(=N\OP(=O)(OCCCC)OCCCC)CCC,3.66,q
A,1,569,Cl\C(=N\OP(=O)(OCCCC)OCCCC)C(C)C,3.61,q
A,1,570,Cl\C(=N\OP(=O)(OCCCC)OCCCC)CCCC,3.94,q
A,1,571,CCSP(=O)(O\N=C(\Cl)F)SCC,5.91,q
A,1,572,CCCSP(=O)(SCCC)O\N=C(\Cl)F,6.07,q
A,1,573,CCCCSP(=O)(O\N=C(\Cl)F)SCCCC,6.23,q
A,1,574,CC(C)CSP(=O)(SCC(C)C)O\N=C(\Cl)F,6.1,q
A,1,575,CCCCCSP(=O)(O\N=C(\Cl)F)SCCCCC,6.09,q
A,1,576,O=P(OCC)(OCC2CCCN1CCCCC12)SCC3C4N(CCC3)CCCC4,4.2,p
A,1,577,O=P(OCCC)(OCC2CCCN1CCCCC12)SCC3CCCN4CCCCC34,5.42,p
A,1,578,O=P(OCCCC)(OCC2CCCN1CCCCC12)SCC3CCCN4CCCCC34,6.05,p
A,1,579,O=P(OCCCCC)(OCC2CCCN1CCCCC12)SCC3CCCN4CCCCC34,6.08,p
A,1,580,CC(C)OP(=O)(OCC2CCCN1CCCCC12)SCC3CCCN4CCCCC34,4.08,p
A,1,581,CC(C)COP(=O)(OCC2CCCN1CCCCC12)SCC3CCCN4CCCCC34,6.44,p
A,1,582,CC(C)CCOP(=O)(OCC2CCCN1CCCCC12)SCC3CCCN4CCCCC34,6.77,p
A,1,583,C[N+]34CCCC(COP(=O)(OCC)SCC1CCC[N+]2(C)CCCCC12)C4CCCC3,4.8,p
A,1,584,C[N+]34CCCC(COP(=O)(OCCC)SCC1CCC[N+]2(C)CCCCC12)C4CCCC3,6.22,p
A,1,585,C[N+]34CCCC(COP(=O)(OCCCC)SCC1CCC[N+]2(C)CCCCC12)C4CCCC3,6.96,p
A,1,586,C[N+]34CCCC(COP(=O)(OCCCCC)SCC1CCC[N+]2(C)CCCCC12)C4CCCC3,7.27,p
A,1,587,C[N+]34CCCC(COP(=O)(OC(C)C)SCC1CCC[N+]2(C)CCCCC12)C4CCCC3,4.6,p
A,1,588,CC(C)COP(=O)(OCC1CCC[N+]2(C)CCCCC12)SCC3CCC[N+]4(C)CCCCC34,6.83,p
A,1,589,CC(C)CCOP(=O)(OCC1CCC[N+]2(C)CCCCC12)SCC3CCC[N+]4(C)CCCCC34,7.19,p
A,1,590,CCP(=O)(CC)CN2CCCC1CCCCC12,7.11,p
A,1,591,CCP(=O)(CCC)CN2CCCC1CCCCC12,7.36,p
A,1,592,CCP(=O)(CCCC)CN2CCCC1CCCCC12,7.65,p
A,1,593,CCP(=O)(CCCCC)CN2CCCC1CCCCC12,7.43,p
A,1,594,CC(C)P(=O)(CC)CN2CCCC1CCCCC12,5.32,p
A,1,595,CC(C)CP(=O)(CC)CN2CCCC1CCCCC12,7.38,p
A,1,596,CC(C)CCP(=O)(CC)CN2CCCC1CCCCC12,7.81,p
A,1,597,CCP(=O)(CC)C[N+]2(C)CCCC1CCCCC12,6.74,p
A,1,598,CCP(=O)(CCC)C[N+]2(C)CCCC1CCCCC12,7,p
A,1,599,CCP(=O)(CCCC)C[N+]2(C)CCCC1CCCCC12,7.52,p
A,1,600,CCP(=O)(CCCCC)C[N+]2(C)CCCC1CCCCC12,7.34,p
A,1,601,CC(C)P(=O)(CC)C[N+]2(C)CCCC1CCCCC12,5.18,p
A,1,602,CC(C)CP(=O)(CC)C[N+]2(C)CCCC1CCCCC12,7.43,p
A,1,603,CC(C)CCP(=O)(CC)C[N+]2(C)CCCC1CCCCC12,7.7,p
A,1,604,O=P(CC)(CC)N2CCCCC2c1ccccc1,5.11,p
A,1,605,O=P(CC)(CCC)N2CCCCC2c1ccccc1,5.87,p
A,1,606,O=P(CC)(CCCC)N2CCCCC2c1ccccc1,6.54,p
A,1,607,O=P(CC)(CCCCC)N2CCCCC2c1ccccc1,6,p
A,1,608,O=P(CC)(C(C)C)N2CCCCC2c1ccccc1,4.72,p
A,1,609,O=P(CC)(CC(C)C)N2CCCCC2c1ccccc1,6.26,p
A,1,610,O=P(CC)(CCC(C)C)N2CCCCC2c1ccccc1,6.67,p
A,1,611,CCP(=O)(CC)[N+]2(C)CCCCC2c1ccccc1,5.59,p
A,1,612,CCP(=O)(CCC)[N+]2(C)CCCCC2c1ccccc1,6.56,p
A,1,613,CCP(=O)(CCCC)[N+]2(C)CCCCC2c1ccccc1,7.15,p
A,1,614,CCP(=O)(CCCCC)[N+]2(C)CCCCC2c1ccccc1,7.18,p
A,1,615,CC(C)P(=O)(CC)[N+]2(C)CCCCC2c1ccccc1,5.7,p
A,1,616,CC(C)CP(=O)(CC)[N+]2(C)CCCCC2c1ccccc1,7.52,p
A,1,617,CC(C)CCP(=O)(CC)[N+]2(C)CCCCC2c1ccccc1,7.7,p
A,1,618,CCP(=O)(CC)C1CC2CC1C3=CC=CC(=O)N23,4.8,p
A,1,619,CCP(=O)(CCC)C1CC2CC1C3=CC=CC(=O)N23,5.08,p
A,1,620,CCP(=O)(CCCC)C1CC2CC1C3=CC=CC(=O)N23,6.54,p
A,1,621,CCP(=O)(CCCCC)C1CC2CC1C3=CC=CC(=O)N23,6.87,p
A,1,622,CC(C)P(=O)(CC)C1CC2CC1C3=CC=CC(=O)N23,4.54,p
A,1,623,CCP(=O)(CC)C3CC2CC3C1=CC=CC(=O)[N+]12C,5.04,p
A,1,624,CCP(=O)(CCC)C3CC2CC3C1=CC=CC(=O)[N+]12C,5.49,p
A,1,625,CCP(=O)(CCCC)C3CC2CC3C1=CC=CC(=O)[N+]12C,6.04,p
A,1,626,CCP(=O)(CCCCC)C3CC2CC3C1=CC=CC(=O)[N+]12C,6.36,p
A,1,627,CC(C)P(=O)(CC)C3CC2CC3C1=CC=CC(=O)[N+]12C,4.81,p
A,1,708,FC(F)(F)C(OP(=O)(OC)OC)Oc1ccccc1,2.33,mmm
A,1,709,FC(F)(F)C(OP(=O)(OCC)OCC)Oc1ccccc1,2.78,mmm
A,1,710,FC(F)(F)C(OP(=O)(OCCCC)OCCCC)Oc1ccccc1,4.28,mmm
A,1,711,COP(=O)(OC)OC(C(F)(F)F)C(F)(F)F,2.34,mmm
A,1,712,CCOP(=O)(OCC)OC(C(F)(F)F)C(F)(F)F,2.94,mmm
A,1,713,FC(F)(F)C(OP(=O)(OCCCC)OCCCC)C(F)(F)F,4.87,mmm
A,1,714,COP(=O)(OC)OC(C(=O)OCC)C(F)(F)F,2.62,mmm
A,1,715,CCOP(=O)(OCC)OC(C(=O)OCC)C(F)(F)F,3.08,mmm
A,1,716,FC(F)(F)C(OP(=O)(OCCCC)OCCCC)C(=O)OCC,3.82,mmm
A,1,766,CSP(=O)(OCCCC)OCCCC,3.87,rrr
A,1,767,CCSP(=O)(OCCCC)OCCCC,4.08,rrr
A,1,768,CCCCOP(=O)(OCCCC)SCCC,3.93,rrr
A,1,769,CCCCOP(=O)(OCCCC)SCCCC,4.06,rrr
A,1,770,CCCCOP(=O)(OCCCC)SCCCCC,4.32,rrr
A,1,771,CCCCOP(=O)(OCCCC)SCCCCCC,4.35,rrr
A,0,135,CCOP(C)(=O)SCCSCC,4.61,f
A,0,136,C[S+](CCSP(C)(=O)OCC)CC,8.11,f
A,0,250,FP(=O)(OC(C)C)OC(C)C,4.68,f
A,0,323,CP(=O)(OCC)SCC,2.34,f
A,0,329,CC(C)(C)CCSP(C)(=O)OCC,3.2,f
A,0,332,CCOP(C)(=O)SCCCCCC(C)(C)C,4.03,f
A,0,357,CP(=O)(OCCCCCCC)SCCCC,3.65,f
A,0,403,CCCCOP(C)(=O)SCCCCCC,4.76,f
A,0,407,O=P(OCC)(OCC)C(C)(C)N(C)C(=O)C(C(F)(F)F)C(F)(F)F,3.3,y
A,0,408,O=P(OCC)(OCC)C(C)(CC)N(C)C(=O)C(C(F)(F)F)C(F)(F)F,4.11,y
A,0,409,O=P(OCC)(OCC)C(C)(CCCC)N(C)C(=O)C(C(F)(F)F)C(F)(F)F,2.6,y
A,0,410,O=P(OCC)(OCC)C(C)(C)NC(=O)C(C(F)(F)F)C(F)(F)F,1.6,y
A,0,411,O=P(OCC)(OCC)C(C)(CC)NC(=O)C(C(F)(F)F)C(F)(F)F,2.3,y
A,0,412,O=P(OCC)(OCC)C(C)(CC(C)C)NC(=O)C(C(F)(F)F)C(F)(F)F,4.08,y
A,0,413,O=P(OCC)(OCC)C(C)(CCCC)NC(=O)C(C(F)(F)F)C(F)(F)F,3.76,y
A,0,414,CCOP(C)(=O)SCCC(C)(C)CCC,3.2,f
A,0,415,CCCCOP(C)(=O)SCCSCC,5.62,f
A,0,416,CN(CCSP(=O)(OCC)OCC)CCCCCC,4.01,f
A,0,417,C[N+](C)(CCSP(=O)(OCC)OCC)CCCCCC,6.95,f
A,0,418,COP(=O)(OC)O\N=C(/Cl)C,4.04,x
A,0,419,CCOP(=O)(OCC)O\N=C(/Cl)C,3.64,x
A,0,420,CCCOP(=O)(O\N=C(/Cl)C)OCCC,3.36,x
A,0,421,Cl/C(C)=N\OP(=O)(OCCCC)OCCCC,3.47,x
A,0,422,CC(C)COP(=O)(O\N=C(/Cl)C)OCC(C)C,3.44,x
A,0,423,Cl/C(C)=N\OP(=O)(OCCCCC)OCCCCC,4.09,x
A,0,424,COP(=O)(OC)O\N=C(/Cl)CCl,4.96,x
A,0,425,CCOP(=O)(OC)O\N=C(/Cl)CCl,5.08,x
A,0,426,CCOP(=O)(OCC)O\N=C(/Cl)CCl,4.83,x
A,0,427,CCCOP(=O)(O\N=C(/Cl)CCl)OCCC,5.25,x
A,0,428,Cl/C(=N\OP(=O)(OCCCC)OCCCC)CCl,6.06,x
A,0,429,CC(C)COP(=O)(O\N=C(/Cl)CCl)OCC(C)C,5.9,x
A,0,430,Cl/C(=N\OP(=O)(OCCCCC)OCCCCC)CCl,5.91,x
A,0,431,COP(=O)(OC)O\N=C(/Cl)C(Cl)Cl,5.72,x
A,0,432,CCOP(=O)(OCC)O\N=C(/Cl)C(Cl)Cl,5.1,x
A,0,433,CCCOP(=O)(O\N=C(/Cl)C(Cl)Cl)OCCC,5.85,x
A,0,434,Cl/C(=N\OP(=O)(OCCCC)OCCCC)C(Cl)Cl,6.39,x
A,0,435,Cl/C(=N\OP(=O)(OCCCCC)OCCCCC)C(Cl)Cl,6.48,x
A,0,436,COP(=O)(OC)O\N=C(\F)Cl,4.76,x
A,0,437,CCOP(=O)(OCC)O\N=C(\F)Cl,5.27,x
A,0,438,CCCOP(=O)(O\N=C(\F)Cl)OCCC,5.18,x
A,0,439,F\C(Cl)=N\OP(=O)(OCCCC)OCCCC,5.29,x
A,0,440,F\C(Cl)=N\OP(=O)(OCCCCC)OCCCCC,5.99,x
A,0,441,CCOP(=O)(OCC)O\N=C(/Cl)CC,3.47,x
A,0,442,CCOP(=O)(OCC)O\N=C(/Cl)CCC,3.63,x
A,0,443,CCOP(=O)(OCC)O\N=C(/Cl)CCCC,3.78,x
A,0,444,CCOP(=O)(OCC)O\N=C(/Cl)C(C)C,2.78,x
A,0,445,O=P(C)(OCC)O\N=C(/Cl)C,3.32,x
A,0,446,CCCOP(C)(=O)O\N=C(/Cl)C,3.49,x
A,0,447,O=P(C)(OC(C)C)O\N=C(/Cl)C,4.93,x
A,0,448,Cl/C(C)=N\OP(C)(=O)OCCCC,3.93,x
A,0,449,Cl/C(C)=N\OP(C)(=O)OCCCCC,4.46,x
A,0,450,Cl/C(C)=N\OP(C)(=O)OCCCCCC,5,x
A,0,451,Cl/C(=N\OP(C)(=O)OCCCC)CC,3.66,x
A,0,452,Cl/C(=N\OP(C)(=O)OCCCC)CCC,3.66,x
A,0,453,Cl/C(=N\OP(C)(=O)OCCCC)C(C)C,3.61,x
A,0,454,Cl/C(=N\OP(C)(=O)OCCCC)CCCC,3.94,x
A,0,455,Cl/C(=N\OP(C)(=O)OCCCC)CCl,6.54,x
A,0,456,CCSP(=O)(O\N=C(/Cl)F)SCC,5.91,x
A,0,457,CCCSP(=O)(SCCC)O\N=C(/Cl)F,6.07,x
A,0,458,CCCCSP(=O)(O\N=C(/Cl)F)SCCCC,6.23,x
A,0,459,CC(C)CSP(=O)(SCC(C)C)O\N=C(/Cl)F,6.1,x
A,0,460,CCCCCSP(=O)(O\N=C(/Cl)F)SCCCCC,6.09,x
A,0,461,COP(=O)(OC)O\N=C(\Cl)CCl,5.08,v
A,0,462,CCOP(=O)(OCC)O\N=C(\Cl)CCl,4.83,v
A,0,464,CCCOP(=O)(O\N=C(\Cl)CCl)OCCC,5.25,v
A,0,465,CC(C)COP(=O)(O\N=C(\Cl)CCl)OCC(C)C,5.9,v
A,0,466,COP(=O)(OC)O\N=C(\Cl)C,4.04,v
A,0,467,CCOP(=O)(OCC)O\N=C(\Cl)C,3.64,v
A,0,468,CCCOP(=O)(O\N=C(\Cl)C)OCCC,3.36,v
A,0,469,CC(C)COP(=O)(O\N=C(\Cl)C)OCC(C)C,3.44,v
A,0,470,Cl\C(C)=N\OP(=O)(OCCCC)OCCCC,3.47,v
A,0,471,Cl\C(C)=N\OP(=O)(OCCCCC)OCCCCC,4.09,v
A,0,472,Cl\C(=N\OP(=O)(OCCCC)OCCCC)CCl,6.06,v
A,0,473,Cl\C(=N\OP(=O)(OCCCCC)OCCCCC)CCl,5.91,v
A,0,474,COP(=O)(OC)O\N=C(\Cl)C(Cl)Cl,5.72,v
A,0,475,CCOP(=O)(OCC)O\N=C(\Cl)C(Cl)Cl,5.1,v
A,0,476,CCCOP(=O)(O\N=C(\Cl)C(Cl)Cl)OCCC,5.85,v
A,0,477,Cl\C(=N\OP(=O)(OCCCC)OCCCC)C(Cl)Cl,6.39,v
A,0,478,Cl\C(=N\OP(=O)(OCCCCC)OCCCCC)C(Cl)Cl,6.48,v
A,0,479,CCOP(=O)(OCC)O\N=C(\Cl)CC,3.47,v
A,0,480,CCOP(=O)(OCC)O\N=C(\Cl)CCC,3.63,v
A,0,481,CCOP(=O)(OCC)O\N=C(\Cl)CCCC,3.78,v
A,0,628,CCOP(=O)(OCC)SC(SP(=O)(OCC)OCC)C(=O)OCC,3.36,oo
A,0,629,CCCOP(=O)(OCCC)SC(SP(=O)(OCCC)OCCC)C(=O)OCC,4.65,oo
A,0,630,CC(C)OP(=O)(OC(C)C)SC(SP(=O)(OC(C)C)OC(C)C)C(=O)OCC,3.15,oo
A,0,631,CCCCOP(=O)(OCCCC)SC(SP(=O)(OCCCC)OCCCC)C(=O)OCC,4.84,oo
A,0,632,CC(C)COP(=O)(OCC(C)C)SC(SP(=O)(OCC(C)C)OCC(C)C)C(=O)OCC,4.84,oo
A,0,189,CC(OP(C)(F)=O)C(C)(C)C,7.96,m
A,0,189,CC(OP(C)(F)=O)C(C)(C)C,7.96,o
A,0,189,CC(OP(C)(F)=O)C(C)(C)C,8.28,rr
A,0,190,CC(C)OP(C)(F)=O,7.43,o
A,0,190,CC(C)OP(C)(F)=O,7.51,m
A,0,190,CC(C)OP(C)(F)=O,7.56,rr
A,0,191,N#CP(=O)(OCC)N(C)C,6.87,o
A,0,191,N#CP(=O)(OCC)N(C)C,7.26,rr
A,0,192,CCOP(C)(=O)SCCN(C(C)C)C(C)C,8.08,o
A,0,192,CCOP(C)(=O)SCCN(C(C)C)C(C)C,8.08,vv
A,0,192,CCOP(C)(=O)SCCN(C(C)C)C(C)C,8,rr
A,0,192,CCOP(C)(=O)SCCN(C(C)C)C(C)C,8,w
A,0,205,CC(C)COP(C)(=O)SCCN(CC)CC,8.66,jj
A,0,205,CC(C)COP(C)(=O)SCCN(CC)CC,8.66,rr
A,0,205,CC(C)COP(C)(=O)SCCN(CC)CC,8.66,ww
A,0,206,CCCCOP(C)(=O)SCCN(CC)CC,8.49,jj
A,0,228,O=P(C)(F)OC1CCCCC1,8.69,nn
A,0,228,O=P(C)(F)OC1CCCCC1,8.62,ww
A,0,228,O=P(C)(F)OC1CCCCC1,8.69,vv
A,0,228,O=P(C)(F)OC1CCCCC1,8.69,m
A,0,228,O=P(C)(F)OC1CCCCC1,8.62,rr
A,0,250,FP(=O)(OC(C)C)OC(C)C,5.11,rr
A,0,251,Clc1cc(OP(=O)(OC)OC)c(Cl)cc1Cl,4.36,ee
A,0,252,CCOP(=O)(OCC)SCCC(CC)CC,5.36,ee
A,0,253,CCOP(=O)(OCC)SCCN(CC)CC,6.15,ee
A,0,254,CCOP(=O)(OCC)SCC[N+](CC)(CC)CC,6.84,ee
A,0,255,CN(C)CC(CN(C)C)SP(=O)(OCC)OCC,5.61,ee
A,0,265,CP(F)(=O)OC,8.82,m
A,0,266,CP(F)(=O)OCC,7.75,m
A,0,267,CP(F)(=O)OCCC,8.4,m
A,0,268,CP(F)(=O)OCCCC,8.67,m
A,0,269,CC(C)COP(C)(F)=O,8.72,m
A,0,270,[O-][N+](=O)c1ccc(OP(=O)(OC)OC)cc1,6.08,rr
A,0,271,[O-][N+](=O)c1ccc(OP(=O)(OCC)OCC)cc1,6.34,nn
A,0,271,[O-][N+](=O)c1ccc(OP(=O)(OCC)OCC)cc1,6.52,rr
A,0,539,FP(=O)(C)OCCCCC,7.27,r
A,0,540,CC(C)(C)COP(C)(F)=O,8.23,r
A,0,557,CP(F)(=O)OCCC(C)C,8.74,r
A,0,558,CP(F)(=O)OCC(C)CC,8.69,r
A,0,678,CC(C(=O)\C=C(/C)OP(=O)(OC)OC)c1ccccc1,4.54,ee
A,0,679,COP(=O)(OC)O\C=C(/Cl)Cl,4.44,ee
A,0,748,O=P(OC)(OC)Oc1ccc2c(c1)OC(O)C(Cl)=C2C,5.61,rr
A,0,749,O=P(OCC)(OCC)Oc1ccc2c(c1)OC(O)C(Cl)=C2C,6.08,rr
A,0,750,CC(C)OP(=O)(OC(C)C)Oc1ccc2c(c1)OC(O)C(Cl)=C2C,5.7,rr
A,0,751,CP(=O)(OCC)Oc1ccc2c(c1)OC(O)C(Cl)=C2C,6.96,rr
A,0,752,CC(C)OP(C)(=O)Oc1ccc2c(c1)OC(O)C(Cl)=C2C,6.04,rr
A,0,753,CC(C)COP(C)(=O)Oc1ccc2c(c1)OC(O)C(Cl)=C2C,7.86,rr
A,0,754,CC(C)(C)C(C)OP(C)(=O)Oc1ccc2c(c1)OC(O)C(Cl)=C2C,6.23,rr
A,0,755,CP(=O)(OC1CCCCC1)Oc2ccc3c(c2)OC(O)C(Cl)=C3C,7.73,rr
A,0,756,O=P(OCC)(OCC)Oc1ccc2c(c1)OC(O)C=C2C,5.84,rr
A,0,757,CP(=O)(OCC)Oc1ccc2c(c1)OC(O)C=C2C,6.68,rr
A,0,758,CC(C)COP(C)(=O)Oc1ccc2c(c1)OC(O)C=C2C,7.79,rr
A,0,759,CC(C)(C)C(C)OP(C)(=O)Oc1ccc2c(c1)OC(O)C=C2C,7,rr
A,0,760,O=P(OCC)(OCC)Oc1ccc2c(c1)OC(O)C=C2C(F)(F)F,6.38,rr
A,0,761,CP(=O)(OCC)Oc1ccc2c(c1)OC(O)C=C2C(F)(F)F,6.83,rr
A,0,762,CC(C)OP(C)(=O)Oc1ccc2c(c1)OC(O)C=C2C(F)(F)F,5.97,rr
A,0,763,CC(C)COP(C)(=O)Oc1ccc2c(c1)OC(O)C=C2C(F)(F)F,7.36,rr
A,0,764,CC(C)(C)C(C)OP(C)(=O)Oc1ccc2c(c1)OC(O)C=C2C(F)(F)F,5.94,rr
A,0,765,CP(=O)(OC1CCCCC1)Oc2ccc3c(c2)OC(O)C=C3C(F)(F)F,7.34,rr
A,0,192,CCOP(C)(=O)SCCN(C(C)C)C(C)C,7.84,xx
A,0,637,C(N+)(C)(C)CCSP(=O)(OCC)OCC,6.19,xx
D,0,132,O=P(C)(OCC)SCCC,2.72,e
D,0,133,CCOP(C)(=O)SCCCCCC,4.2,e
D,0,135,CCOP(C)(=O)SCCSCC,4.78,e
D,0,136,C[S+](CCSP(C)(=O)OCC)CC,8.4,e
D,0,189,CC(OP(C)(F)=O)C(C)(C)C,8.3,n
D,0,189,CC(OP(C)(F)=O)C(C)(C)C,7.7,ss
D,0,189,CC(OP(C)(F)=O)C(C)(C)C,9.73,ff
D,0,190,CC(C)OP(C)(F)=O,7.15,n
D,0,190,CC(C)OP(C)(F)=O,8.96,ff
D,0,191,N#CP(=O)(OCC)N(C)C,6.56,n
D,0,192,CCOP(C)(=O)SCCN(C(C)C)C(C)C,8.3,tt
D,0,192,CCOP(C)(=O)SCCN(C(C)C)C(C)C,9.29,ff
D,0,209,[O-][N+](=O)c1ccc(OP(C)(=O)SCCCC)cc1,6.08,ggg
D,0,224,O=P(Oc1ccc(cc1)[N+]([O-])=O)(CC)CC,3.54,n
D,0,225,O=P(Oc1ccc(cc1)[N+]([O-])=O)(CCC)CCC,4.26,n
D,0,227,O=P(Oc1ccc(cc1)[N+]([O-])=O)(C(C)C)C(C)C,2.94,n
D,0,228,O=P(C)(F)OC1CCCCC1,8.52,n
D,0,250,FP(=O)(OC(C)C)OC(C)C,5.96,n
D,0,250,FP(=O)(OC(C)C)OC(C)C,6.24,ff
D,0,252,CCOP(=O)(OCC)SCCC(CC)CC,5.36,e
D,0,253,CCOP(=O)(OCC)SCCN(CC)CC,6.52,n
D,0,257,COP(=O)(OC)O\C=C(\Cl)Cl,4.77,nnn
D,0,260,CCCCSP(C)(=O)OCC,3.08,e
D,0,260,CCCCSP(C)(=O)OCC,3.07,z
D,0,261,CCOP(C)(=O)SCCCCC,3.41,e
D,0,262,CSP(C)(=O)OC1CCCC1,3.41,e
D,0,270,[O-][N+](=O)c1ccc(OP(=O)(OC)OC)cc1,5.08,n
D,0,271,[O-][N+](=O)c1ccc(OP(=O)(OCC)OCC)cc1,6.12,n
D,0,271,[O-][N+](=O)c1ccc(OP(=O)(OCC)OCC)cc1,7.73,ff
D,0,272,[O-][N+](=O)c1ccc(OP(=O)(OCCC)OCCC)cc1,5.93,n
D,0,273,CC(C)OP(=O)(OC(C)C)Oc1ccc(cc1)[N+]([O-])=O,4.32,n
D,0,274,[O-][N+](=O)c1ccc(OP(=O)(OCCCC)OCCCC)cc1,6.11,n
D,0,275,CC(C)COP(=O)(OCC(C)C)Oc1ccc(cc1)[N+]([O-])=O,5.88,n
D,0,276,CC(CC)OP(=O)(OC(C)CC)Oc1ccc(cc1)[N+]([O-])=O,4.68,n
D,0,277,[O-][N+](=O)c1ccc(OP(=O)(OCCCCC)OCCCCC)cc1,6.26,n
D,0,278,[O-][N+](=O)c1ccc(SP(=O)(OCC)OCC)cc1,5.67,n
D,0,279,[O-][N+](=O)c1ccccc1OP(=O)(OC)OC,3.71,n
D,0,280,[O-][N+](=O)c1ccccc1OP(=O)(OCC)OCC,4.23,n
D,0,281,[N+](=O)c1cccc(OP(=O)(OC)OC)c1,2.72,n
D,0,282,[O-][N+](=O)c1cccc(OP(=O)(OCC)OCC)c1,4.08,n
D,0,283,[O-][N+](=O)c1ccc(OP(C)(=O)OC)cc1,5.91,n
D,0,284,[O-][N+](=O)c1ccc(OP(C)(=O)OCC)cc1,6.71,n
D,0,285,[O-][N+](=O)c1ccc(OP(C)(=O)OCCC)cc1,7.08,n
D,0,286,[O-][N+](=O)c1ccc(OP(C)(=O)OC(C)C)cc1,5.85,n
D,0,287,[O-][N+](=O)c1ccc(OP(C)(=O)OCCCC)cc1,7.32,n
D,0,288,[O-][N+](=O)c1ccc(OP(C)(=O)OCC(C)C)cc1,7.96,n
D,0,289,[O-][N+](=O)c1ccc(OP(C)(=O)OC(C)CC)cc1,6.36,n
D,0,290,[O-][N+](=O)c1ccc(OP(C)(=O)OCCCCC)cc1,7.04,n
D,0,291,[O-][N+](=O)c2ccc(OP(C)(=O)OC1CCCCC1)cc2,6.66,n
D,0,292,[O-][N+](=O)c1ccc(OP(C)(=O)OC(C)C(C)(C)C)cc1,4.45,n
D,0,293,[O-][N+](=O)c1ccccc1OP(C)(=O)OC,4.54,n
D,0,294,[O-][N+](=O)c1cccc(OP(C)(=O)OC)c1,4.23,n
D,0,295,[O-][N+](=O)c1ccc(OP(=O)(OC(C)C)CC)cc1,5.46,n
D,0,296,[O-][N+](=O)c1ccc(OP(=O)(OC(C)C)CCC)cc1,4.9,n
D,0,297,CC(C)P(=O)(OC(C)C)Oc1ccc(cc1)[N+]([O-])=O,2.93,n
D,0,298,[O-][N+](=O)c1ccc(OP(=O)(OC(C)C)CCCC)cc1,5.1,n
D,0,299,CC(C)CP(=O)(OC(C)C)Oc1ccc(cc1)[N+]([O-])=O,4.32,n
D,0,300,CC(CC)P(=O)(OC(C)C)Oc1ccc(cc1)[N+]([O-])=O,3.11,n
D,0,301,CC(C)(C)P(=O)(OC(C)C)Oc1ccc(cc1)[N+]([O-])=O,0.64,n
D,0,302,[O-][N+](=O)c1ccc(OP(=O)(OC(C)C)CCCCC)cc1,5.11,n
D,0,303,[O-][N+](=O)c1ccc(OP(=O)(OCC)CC)cc1,6.26,n
D,0,304,[O-][N+](=O)c1ccc(SP(=O)(OCC)CC)cc1,6.59,n
D,0,305,[O-][N+](=O)c1ccccc1OP(=O)(OCC)CC,4.04,n
D,0,306,[O-][N+](=O)c1cccc(OP(=O)(OCC)CC)c1,4.41,n
D,0,307,O=P(Oc1ccc(cc1)[N+]([O-])=O)(CC(C)C)CC(C)C,2.6,n
D,0,308,O=P(Oc1ccc(cc1)[N+]([O-])=O)(C(C)CC)C(C)CC,3.34,n
D,0,309,O=P(Oc1ccc(cc1)[N+]([O-])=O)(CCCCC)CCCCC,4.89,n
D,0,310,FP(=O)(OC)OC,4.86,n
D,0,311,FP(=O)(OCC)OCC,5.31,n
D,0,312,CCCOP(F)(=O)OCCC,5.96,n
D,0,313,CP(F)(=O)OC(C)CC(C)C,8.3,n
D,0,314,CCP(F)(=O)OCC,6.49,n
D,0,315,CN(C)c1cccc(OP(=O)(OC)OC)c1,3.34,n
D,0,316,CN(C)c1cccc(OP(C)(=O)OC)c1,3.04,n
D,0,317,CN(C)c1cccc(OP(=O)(OCC)OCC)c1,3.56,n
D,0,318,CN(C)c1cccc(OP(=O)(OCC)CC)c1,2.11,n
D,0,319,CCOP(=O)(CC)SCCN(CC)CC,7.61,n
D,0,320,O=P(OCC)(CC)SCCCl,4.46,n
D,0,321,CC(C)OP(=O)(OC(C)C)Oc2cc1ccccc1[n+](C)c2,6.26,n
D,0,322,O=P(OC(C)C)(OC(C)C)N(N)N,5.15,n
D,0,323,CP(=O)(OCC)SCC,2.34,e
D,0,324,CCOP(C)(=O)SCCCCCCC,4.32,e
D,0,325,CCOP(C)(=O)SCCCCCCCC,4.56,e
D,0,326,CCOP(C)(=O)SCCCCCCCCC,4.49,e
D,0,327,CCOP(C)(=O)SCCCCCCCCCC,4.2,e
D,0,328,O=P(C)(OCC)SCC(C)(C)C,4.3,e
D,0,329,CC(C)(C)CCSP(C)(=O)OCC,3.2,e
D,0,330,CCOP(C)(=O)SCCCC(C)(C)C,3.34,e
D,0,331,CCOP(C)(=O)SCCCCC(C)(C)C,3.86,e
D,0,332,CCOP(C)(=O)SCCCCCC(C)(C)C,4.04,e
D,0,333,CCOP(C)(=O)SCCCCCCC(C)(C)C,4.28,e
D,0,334,O=P(C)(OCC)SCC(C)C,3.2,e
D,0,335,CC(C)CCSP(C)(=O)OCC,3.11,e
D,0,336,CCOP(C)(=O)SCCCC(C)C,2.92,e
D,0,337,CCOP(C)(=O)SCCCCC(C)C,3.95,e
D,0,338,CCOP(C)(=O)SCCCCCCC(C)C,4.34,e
D,0,339,CP(=O)(SCCc1ccccc1)OCC,4.08,e
D,0,340,CP(=O)(OCC)SCCCc1ccccc1,4.26,e
D,0,341,CP(=O)(OCC)SCCCCc1ccccc1,4.53,e
D,0,342,CSCCSP(C)(=O)OCC,4.6,e
D,0,343,CCOP(C)(=O)SCCSCCCC,4.95,e
D,0,344,CCOP(C)(=O)SCCSCCCCCC,5.6,e
D,0,345,CCOP(C)(=O)SCCSCCCCCCCC,5.52,e
D,0,346,CCOP(C)(=O)SCCSCCCCCCCCCC,5.3,e
D,0,347,C[S+](C)CCSP(C)(=O)OCC,7.74,e
D,0,348,C[S+](CCSP(C)(=O)OCC)CCCC,8.34,e
D,0,349,C[S+](CCSP(C)(=O)OCC)CCCCCC,9.04,e
D,0,350,C[S+](CCSP(C)(=O)OCC)CCCCCCCC,8.66,e
D,0,351,C[S+](CCSP(C)(=O)OCC)CCCCCCCCCC,8.66,e
D,0,352,O=P(C)(OC)SCCCC,2.41,e
D,0,352,O=P(C)(OC)SCCCC,2.41,z
D,0,353,CCCOP(C)(=O)SCCCC,3.75,e
D,0,353,CCCOP(C)(=O)SCCCC,3.75,z
D,0,354,CCCCOP(C)(=O)SCCCC,4.15,e
D,0,354,CCCCOP(C)(=O)SCCCC,4.13,z
D,0,355,CCCCCOP(C)(=O)SCCCC,3.83,e
D,0,355,CCCCCOP(C)(=O)SCCCC,3.83,z
D,0,356,CCCCCCOP(C)(=O)SCCCC,3.62,e
D,0,356,CCCCCCOP(C)(=O)SCCCC,3.62,z
D,0,357,CP(=O)(OCCCCCCC)SCCCC,3.65,e
D,0,357,CP(=O)(OCCCCCCC)SCCCC,3.66,z
D,0,358,CP(=O)(OCCCCCCCC)SCCCC,3.61,e
D,0,358,CP(=O)(OCCCCCCCC)SCCCC,3.61,z
D,0,359,CP(=O)(OCCCCCCCCC)SCCCC,3.79,e
D,0,359,CP(=O)(OCCCCCCCCC)SCCCC,3.79,z
D,0,360,CP(=O)(OCCCCCCCCCC)SCCCC,3.46,e
D,0,360,CP(=O)(OCCCCCCCCCC)SCCCC,3.46,z
D,0,361,CCCCSP(C)(=O)OC(C)C,3.51,e
D,0,361,CCCCSP(C)(=O)OC(C)C,3.51,jjj
D,0,362,CC(C)COP(C)(=O)SCCCC,4.15,e
D,0,362,CC(C)COP(C)(=O)SCCCC,4.17,jjj
D,0,363,CC(C)CCOP(C)(=O)SCCCC,4.79,e
D,0,363,CC(C)CCOP(C)(=O)SCCCC,4.78,jjj
D,0,364,CC(C)CCCOP(C)(=O)SCCCC,5.63,e
D,0,364,CC(C)CCCOP(C)(=O)SCCCC,5.63,jjj
D,0,365,CC(C)CCCCOP(C)(=O)SCCCC,3.97,e
D,0,365,CC(C)CCCCOP(C)(=O)SCCCC,3.97,jjj
D,0,366,CC(C)CCCCCOP(C)(=O)SCCCC,3.93,e
D,0,366,CC(C)CCCCCOP(C)(=O)SCCCC,3.93,jjj
D,0,367,CC(C)(C)COP(C)(=O)SCCCC,3.77,e
D,0,368,CCOP(=O)(OCC)OC(CC)CC,2.18,e
D,0,369,CCC(CCOP(=O)(OCC)OCC)CC,4.86,e
D,0,370,CCC(CCCOP(=O)(OCC)OCC)CC,4.91,e
D,0,371,CCC(CCCCOP(=O)(OCC)OCC)CC,4.91,e
D,0,372,CCC(CC)CCCCCOP(=O)(OCC)OCC,5.15,e
D,0,373,CCC(CC)SP(=O)(OCC)OCC,4.08,e
D,0,374,CCC(CSP(=O)(OCC)OCC)CC,5.08,e
D,0,375,CCOP(=O)(OCC)SCCCC(CC)CC,5.56,e
D,0,376,CCOP(=O)(OCC)SCCCCC(CC)CC,5.63,e
D,0,377,CCOP(=O)(OCC)SCCCCCC(CC)CC,5.63,e
D,0,378,CCOP(=O)(OCC)OC(C)(C)C,3.11,e
D,0,379,CCOP(=O)(OCC)OCC(C)(C)C,3.23,e
D,0,380,CCOP(=O)(OCCC(C)(C)C)OCC,4.18,e
D,0,381,CC(C)(C)CCCOP(=O)(OCC)OCC,4.46,e
D,0,382,CC(C)(C)CCCCOP(=O)(OCC)OCC,4.92,e
D,0,383,CC(C)(C)CCSP(=O)(OCC)OCC,4.63,e
D,0,384,CCOP(=O)(OCC)SCCCC(C)(C)C,5.04,e
D,0,385,CCOP(=O)(OCC)SCCCCC(C)(C)C,5.48,e
D,0,386,CCOP(=O)(OCC)OCCC,3.18,e
D,0,387,CCOP(=O)(OCCCC)OCC,2.32,e
D,0,388,CCCCCOP(=O)(OCC)OCC,3.91,e
D,0,389,CCCCCCOP(=O)(OCC)OCC,4.52,e
D,0,390,O=P(OCCCCCCCC)(OCC)OCC,4.62,e
D,0,391,O=P(OCCCCCCCCCC)(OCC)OCC,4.95,e
D,0,392,CCSP(=O)(OCC)OCC,3.79,e
D,0,393,CCCSP(=O)(OCC)OCC,4,e
D,0,394,CCCCSP(=O)(OCC)OCC,3.85,e
D,0,395,CCOP(=O)(OCC)SCCCCC,4.46,e
D,0,396,CCOP(=O)(OCC)SCCCCCC,5,e
D,0,397,CCOP(=O)(OCC)SCCCCCCC,4.91,e
D,0,398,CCOP(=O)(OCC)SCCCCCCCC,4.98,e
D,0,399,CCOP(=O)(OCC)SCCCCCCCCC,5,e
D,0,400,CCOP(=O)(OCC)SCCCCCCCCCC,4.04,e
D,0,401,COP(C)(=O)SCCCCCC,2.79,e
D,0,402,CCCOP(C)(=O)SCCCCCC,4.49,e
D,0,403,CCCCOP(C)(=O)SCCCCCC,4.76,e
D,0,404,CCCCCOP(C)(=O)SCCCCCC,3.58,e
D,0,405,CCCCCCOP(C)(=O)SCCCCCC,3.88,e
D,0,406,CP(=O)(OCCCCCCC)SCCCCCC,3.75,e
D,0,635,CC(C)NP(=O)(NC(C)C)OP(=O)(NC(C)C)NC(C)C,2.98,ff
D,0,637,C(N+)(C)(C)CCSP(=O)(OCC)OCC,7.68,ff
D,0,672,[O-][N+](=O)c1ccc(OP(C)(=O)SCCCCC)cc1,5.94,ggg
D,0,673,[O-][N+](=O)c1ccc(OP(C)(=O)SCCC)cc1,5.82,ggg
D,0,674,[O-][N+](=O)c1ccc(OP(C)(=O)SCC)cc1,5.08,ggg
D,0,675,[O-][N+](=O)c1ccc(OP(C)(=O)SC)cc1,4.11,ggg
D,0,681,O=C(N)CSP(=O)(OCC)OCC,1.96,ppp
D,0,682,O=C(CSP(=O)(OCC)OCC)NC,3.48,ppp
D,0,683,O=C(CSP(=O)(OCC)OCC)NCC,2.96,ppp
D,0,684,O=C(CSP(=O)(OCC)OCC)NCCC,2.96,ppp
D,0,685,O=C(CSP(=O)(OCC)OCC)NC(C)C,2.89,ppp
D,0,686,O=C(CSP(=O)(OCC)OCC)NCCCC,3.05,ppp
D,0,688,O=C(CSP(=O)(OCC)OCC)N(CC)CC,3.85,ppp
D,0,690,O=C(CSP(=O)(OCC)OCC)N(C(C)C)C(C)C,3.36,ppp
D,0,691,O=C(CSP(=O)(OCC)OCC)N(CCCC)CCCC,4.14,ppp
D,0,692,COP(=O)(OC)SCC(=O)NC,2.65,ppp
D,0,693,O=C(CSP(=O)(OCCC)OCCC)NC,4.05,ppp
D,0,694,O=C(CSP(=O)(OC(C)C)OC(C)C)NC,1.84,ppp
D,0,696,O=C(CCSP(=O)(OCC)OCC)NC,1.67,ppp
D,0,697,CC(SP(=O)(OCC)OCC)C(=O)NC,3.27,ppp
D,0,698,CCOC(=O)CSP(=O)(OC)OC,3.61,lll
D,0,699,CCOP(=O)(OCC)SCC(=O)OCC,4.13,lll
D,0,700,CCOP(=O)(OCC)SC(C(=O)OCC)C(=O)OCC,5.62,lll
D,0,701,O=C(OC(CCOC(=O)CC)SP(=O)(OCC)OCC)CC,5.08,lll
D,0,702,CCOP(=O)(OCC)SC(COC(=O)CC)COC(=O)CC,2.3,lll
D,0,703,O=C(OC(COC(=O)CC)SP(=O)(OCC)OCC)CC,4.15,lll
D,0,704,O=P(OC)(OC)SC(C)C(=O)OCC,4.09,lll
D,0,705,CC(SP(=O)(OCC)OCC)C(=O)OCC,3.99,lll
D,0,706,COP(=O)(OC)SCCC(=O)OCC,1.18,lll
D,0,707,CCOP(=O)(OCC)SCCC(=O)OCC,1.65,lll
D,0,717,O=P(OC)(OC)SC,1.48,nnn
D,0,718,O=P(OC)(SC)SC,2.91,nnn
D,0,719,O=P(SC)(SC)SC,1.3,nnn
D,0,720,CCSP(=O)(OCC)(OCC),1.66,nnn
D,0,721,CCSP(=O)(OCC)(SCC),3.83,nnn
D,0,722,CCSP(=O)(SCC)(SCC),2.3,nnn
D,0,723,CSP(=O)(OC)SC(CC(=O)OCC)C(=O)OCC,5.1,nnn
D,0,724,CCOP(=O)(O\C=C(/Cl)Cl)OCC,5.4,nnn
D,0,725,O=C(CSP(=O)(OCC)OCC)N(C)C,3.73,ppp
D,0,726,O=C(CSP(=O)(OCC)OCC)N(CCC)CCC,3.78,ppp
D,0,727,CCCCOP(=O)(OCCCC)SCC(=O)NC,4.44,ppp
D,0,741,O=P(OC)(Sc1ccccc1)OC,2.97,qqq
D,0,742,Clc1ccccc1SP(=O)(OC)OC,3.48,qqq
D,0,743,Clc1cc(SP(=O)(OC)OC)ccc1,3.03,qqq
D,0,744,Clc1ccc(SP(=O)(OC)OC)cc1,2.99,qqq
D,0,745,O=P(OC)(Sc1ccccc1C)OC,2.97,qqq
D,0,746,O=P(OC)(Sc1cc(C)ccc1)OC,2.82,qqq
D,0,747,O=P(OC)(Sc1ccc(C)cc1)OC,3.53,qqq
D,0,189,CC(OP(C)(F)=O)C(C)(C)C,6.39,gg
D,0,190,CC(C)OP(C)(F)=O,7.65,gg
D,0,191,N#CP(=O)(OCC)N(C)C,7.28,gg
D,0,192,CCOP(C)(=O)SCCN(C(C)C)C(C)C,8.6,gg
D,0,228,O=P(C)(F)OC1CCCCC1,8.86,gg
D,0,229,O=P(OCC)(OCC)Oc1ccc2c(c1)OC(=O)C(Cl)=C2C,6.1,gg
D,0,230,O=P(OCC)(OCC)Oc1ccc2c(c1)OC(=O)C=C2C,7.14,gg
D,0,231,O=P(OCC)(OCC)Oc1ccc2c(c1)OC(=O)C=C2C(F)(F)F,4.98,gg
D,0,232,CN(C)P(=O)(OCC)Oc1ccc2c(c1)OC(=O)C=C2C,4.86,gg
D,0,233,CN(C)P(=O)(OCC)Oc1ccc2c(c1)OC(=O)C(Cl)=C2C(F)(F)F,4.82,gg
D,0,234,CP(=O)(OCC)Oc1ccc2c(c1)OC(=O)C(Cl)=C2C,7.12,gg
D,0,235,CP(=O)(OCC)Oc1ccc2c(c1)OC(=O)C=C2C,6.72,gg
D,0,236,CP(=O)(OCC)Oc1ccc2c(c1)OC(=O)C=C2C(F)(F)F,6.9,gg
D,0,237,CC(C)OP(C)(=O)Oc1ccc2c(c1)OC(=O)C(Cl)=C2C,6.12,gg
D,0,238,CC(C)OP(C)(=O)Oc1ccc2c(c1)OC(=O)C=C2C,6.08,gg
D,0,239,CC(C)OP(C)(=O)Oc1ccc2c(c1)OC(=O)C=C2C(F)(F)F,6.24,gg
D,0,240,CC(C)COP(C)(=O)Oc1ccc2c(c1)OC(=O)C(Cl)=C2C,8.1,gg
D,0,241,CC(C)COP(C)(=O)Oc1ccc2c(c1)OC(=O)C=C2C,8.01,gg
D,0,242,CC(C)COP(C)(=O)Oc1ccc2c(c1)OC(=O)C=C2C(F)(F)F,7.56,gg
D,0,243,CC(C)(C)C(C)OP(C)(=O)Oc1ccc2c(c1)OC(=O)C(Cl)=C2C,6.53,gg
D,0,244,CC(C)(C)C(C)OP(C)(=O)Oc1ccc2c(c1)OC(=O)C=C2C,7.14,gg
D,0,245,CC(C)(C)C(C)OP(C)(=O)Oc1ccc2c(c1)OC(=O)C=C2C(F)(F)F,6.46,gg
D,0,246,CP(=O)(OC1CCCCC1)Oc2ccc3c(c2)OC(=O)C(Cl)=C3C,8.03,gg
D,0,247,CP(=O)(OC1CCCCC1)Oc2ccc3c(c2)OC(=O)C=C3C,8.28,gg
D,0,248,CP(=O)(OC1CCCCC1)Oc2ccc3c(c2)OC(=O)C=C3C(F)(F)F,7.58,gg
D,0,249,O=P(OCC)(OCC)Oc1ccc2C=C(Cl)C(=O)Oc2c1,6.1,gg
D,0,728,CCOP(=O)(OCC)OCC(C)C,3.2,ooo
D,0,729,CCOP(=O)(OCCC(C)C)OCC,4.11,ooo
D,0,730,CC(C)CCCOP(=O)(OCC)OCC,4.34,ooo
D,0,731,CC(C)CCCCOP(=O)(OCC)OCC,4.88,ooo
D,0,732,CC(C)CSP(=O)(OCC)OCC,3.9,ooo
D,0,733,CC(C)CCSP(=O)(OCC)OCC,4.04,ooo
D,0,734,CCOP(=O)(OCC)SCCCC(C)C,4.45,ooo
D,0,735,CCOP(=O)(OCC)SCCCCC(C)C,5.15,ooo
D,0,736,CC(C)(C)SP(=O)(OCC)OCC,3.32,ooo
D,0,737,CC(C)(C)CSP(=O)(OCC)OCC,4,ooo
D,0,738,CCOP(=O)(OCC)OC(C)C(C)(C)C,3.4,ooo
D,0,739,CCC(C)(C)SP(=O)(OCC)OCC,4.59,ooo
D,0,740,CCCC(COP(=O)(OCC)OCC)(CC)CC,5.23,ooo
D,0,210,NP(=O)(O\N=C(/C#N)c1ccccc1)OCC,8.23,ll
D,0,211,CNP(=O)(O\N=C(/C#N)c1ccccc1)OCC,6.65,ll
D,0,212,CCNP(=O)(O\N=C(/C#N)c1ccccc1)OCC,5.98,ll
D,0,213,CCCNP(=O)(O\N=C(/C#N)c1ccccc1)OCC,5.7,ll
D,0,214,CC(C)NP(=O)(O\N=C(/C#N)c1ccccc1)OCC,5.2,ll
D,0,215,CC(CC)NP(=O)(O\N=C(/C#N)c1ccccc1)OCC,4.3,ll
D,0,216,CN(C)P(=O)(O\N=C(/C#N)c1ccccc1)OCC,4.08,ll
D,0,217,Clc1ccc(cc1)C(=N\OP(=O)(NC)OCC)\C#N,4.08,ll
D,0,218,Clc1ccc(cc1)C(=N\OP(=O)(NCC)OCC)\C#N,5.54,ll
D,0,219,Clc1ccc(cc1)C(=N\OP(=O)(NCCC)OCC)\C#N,5.11,ll
D,0,220,O=[N+]([O-])c1ccc(cc1)C(\C#N)=N\OP(=O)(NCC)OCC,5.91,ll
D,0,221,COc1ccc(cc1)C(\C#N)=N\OP(=O)(NCC)OCC,4.92,ll
D,0,222,CCNP(=O)(O\N=C(/C#N)c1ccc(C)cc1)OCC,5.23,ll
D,0,489,C[N+](C)(C)CCSP(C)(=O)OC(C)C,7.33,iii
D,0,676,CCOP(=O)(OP(=S)(OCC)CC)CC,6.2,hhh
B,0,135,CCOP(C)(=O)SCCSCC,4.78,g
B,0,136,C[S+](CCSP(C)(=O)OCC)CC,8.41,g
B,0,190,CC(C)OP(C)(F)=O,7.14,g
B,0,190,CC(C)OP(C)(F)=O,7.13,s
B,0,266,CP(F)(=O)OCC,6.34,s
B,0,267,CP(F)(=O)OCCC,6.64,s
B,0,268,CP(F)(=O)OCCCC,7.14,s
B,0,269,CC(C)COP(C)(F)=O,7.35,s
B,0,342,CSCCSP(C)(=O)OCC,4.61,g
B,0,343,CCOP(C)(=O)SCCSCCCC,4.95,g
B,0,344,CCOP(C)(=O)SCCSCCCCCC,5.61,g
B,0,345,CCOP(C)(=O)SCCSCCCCCCCC,5.52,g
B,0,346,CCOP(C)(=O)SCCSCCCCCCCCCC,5.3,g
B,0,347,C[S+](C)CCSP(C)(=O)OCC,7.77,g
B,0,348,C[S+](CCSP(C)(=O)OCC)CCCC,8.35,g
B,0,349,C[S+](CCSP(C)(=O)OCC)CCCCCC,9.06,g
B,0,350,C[S+](CCSP(C)(=O)OCC)CCCCCCCC,8.64,g
B,0,351,C[S+](CCSP(C)(=O)OCC)CCCCCCCCCC,8.61,g
B,0,482,CC(C)CCSP(C)(=O)OC(C)C,2.86,g
B,0,483,CSCCSP(C)(=O)OC(C)C,4.18,g
B,0,484,CC(C)OP(C)(=O)SCCSCC,4.33,g
B,0,485,CP(=O)(OC(C)C)SCC,2.75,g
B,0,486,O=P(C)(OC(C)C)SCCF,3.86,g
B,0,487,C[S+](C)CCSP(C)(=O)OC(C)C,7.58,g
B,0,488,C[NH+](C)CCSP(C)(=O)OC(C)C,7.01,g
B,0,489,C[N+](C)(C)CCSP(C)(=O)OC(C)C,7.73,g
B,0,490,CN(C)c1cccc(OP(C)(=O)OC(C)C)c1,3.61,g
B,0,491,CP(=O)(OC)SC,2.41,g
B,0,492,CP(=O)(OCC)SC,3.08,g
B,0,493,CP(=O)(OCCC)SC,3.75,g
B,0,494,O=P(C)(OCCCC)SC,3.14,g
B,0,495,CSP(C)(=O)OCCCCC,2.82,g
B,0,496,CCCCCCOP(C)(=O)SC,2.63,g
B,0,497,CP(=O)(OCCCCCCC)SC,2.65,g
B,0,498,CP(=O)(OCCCCCCCC)SC,2.62,g
B,0,499,CP(=O)(OCCCCCCCCC)SC,2.78,g
B,0,500,CP(=O)(OCCCCCCCCCC)SC,2.46,g
B,0,501,CP(=O)(OCC)SCCOc1ccccc1,4.4,g
B,0,502,CP(=O)(OCC)SCCOc1cc(C)ccc1,4.3,g
B,0,503,CP(=O)(OCC)SCCOc1ccc(C)cc1,4.23,g
B,0,504,CP(=O)(OCC)SCCOc1cccc(c1)OC,4.61,g
B,0,505,CP(=O)(OCC)SCCOc1ccc(cc1)OC,4.46,g
B,0,506,Clc1cc(OCCSP(C)(=O)OCC)ccc1,4.93,g
B,0,507,Clc1ccc(OCCSP(C)(=O)OCC)cc1,4.89,g
B,0,508,Brc1ccc(OCCSP(C)(=O)OCC)cc1,4.82,g
B,0,509,CC(C)(C)c1ccc(OCCSP(C)(=O)OCC)cc1,4.21,g
B,0,510,[O-][N+](=O)c1cccc(OCCSP(C)(=O)OCC)c1,5.73,g
B,0,511,[O-][N+](=O)c1ccc(OCCSP(C)(=O)OCC)cc1,5.82,g
B,0,512,CP(=O)(OCC)SCCOc1cccc(O)c1,5.01,g
B,0,513,CP(=O)(OCC)SCCOc1ccc(O)cc1,5.74,g
B,0,514,COc1ccc(cc1)N(C)CCSP(=O)(OCC)OCC,4.7,g
B,0,515,Cc1ccc(cc1)N(C)CCSP(=O)(OCC)OCC,4.27,g
B,0,516,Cc1cc(ccc1)N(C)CCSP(=O)(OCC)OCC,3.98,g
B,0,517,CN(CCSP(=O)(OCC)OCC)c1ccccc1,3.82,g
B,0,518,COc1cccc(c1)N(C)CCSP(=O)(OCC)OCC,3.98,g
B,0,519,CN(CCSP(=O)(OCC)OCC)c1ccc(Cl)cc1,3.82,g
B,0,520,CN(CCSP(=O)(OCC)OCC)c1cc(Cl)ccc1,3.3,g
B,0,521,COc1ccc(cc1)[N+](C)(C)CCSP(=O)(OCC)OCC,7.46,g
B,0,522,Cc1ccc(cc1)[N+](C)(C)CCSP(=O)(OCC)OCC,7.38,g
B,0,523,Cc1cc(ccc1)[N+](C)(C)CCSP(=O)(OCC)OCC,7.5,g
B,0,524,C[N+](C)(CCSP(=O)(OCC)OCC)c1ccccc1,7.4,g
B,0,525,COc1cccc(c1)[N+](C)(C)CCSP(=O)(OCC)OCC,7.63,g
B,0,526,C[N+](C)(CCSP(=O)(OCC)OCC)c1ccc(Cl)cc1,7.35,g
B,0,527,C[N+](C)(CCSP(=O)(OCC)OCC)c1cc(Cl)ccc1,7.59,g
B,0,539,FP(=O)(C)OCCCCC,8.98,s
B,0,540,CC(C)(C)COP(C)(F)=O,7.13,s
B,0,541,CP(=O)(CC)SCCN(C)C,5.23,s
B,0,542,CP(=O)(CCC)SCCN(C)C,6.1,s
B,0,543,CP(=O)(SCCN(C)C)C(C)C,6.03,s
B,0,544,CP(=O)(CCCC)SCCN(C)C,5.15,s
B,0,545,CP(=O)(CC(C)C)SCCN(C)C,5.88,s
B,0,546,CP(=O)(CCCCC)SCCN(C)C,5.04,s
B,0,547,CP(=O)(CC(C)(C)C)SCCN(C)C,5.53,s
B,0,548,CP(=O)(SCCN(C)C)C(C)(C)C(C)C,4.6,s
B,0,549,CP(=O)(CC)SCC[N+](C)(C)C,5.38,s
B,0,550,CP(=O)(CCC)SCC[N+](C)(C)C,6.12,s
B,0,551,CP(=O)(SCC[N+](C)(C)C)C(C)C,6.5,s
B,0,552,CP(=O)(CCCC)SCC[N+](C)(C)C,6.54,s
B,0,553,CP(=O)(CC(C)C)SCC[N+](C)(C)C,6.92,s
B,0,554,CP(=O)(CCCCC)SCC[N+](C)(C)C,6.09,s
B,0,555,CP(=O)(CC(C)(C)C)SCC[N+](C)(C)C,6.48,s
B,0,556,CP(=O)(SCC[N+](C)(C)C)C(C)(C)C(C)C,5.36,s
B,0,190,CC(C)OP(C)(F)=O,7.76,ee
B,0,250,FP(=O)(OC(C)C)OC(C)C,5.82,ee
B,0,271,[O-][N+](=O)c1ccc(OP(=O)(OCC)OCC)cc1,7.82,ee
B,0,207,CC(C)OP(C)(=O)CSCC[N+](C)(C)C,3.09,kk
B,0,208,O=P(C)(CSCC[N+](C)(C)C)OC1CCCC1,2.38,kk
B,0,209,[O-][N+](=O)c1ccc(OP(C)(=O)SCCCC)cc1,2.97,kk
B,0,256,CN(C)CCSP(C)(=O)OCC,6.22,dd
B,0,286,[O-][N+](=O)c1ccc(OP(C)(=O)OC(C)C)cc1,6.03,g
B,0,528,BrCSP(=O)(OCC)OCC,4.53,t
B,0,529,BrCSP(=O)(OC(C)C)OC(C)C,4.26,t
B,0,530,BrCSP(=O)(OCCC)OCCC,5.85,t
B,0,531,BrCSP(=O)(OCCCC)OCCCC,6.28,t
B,0,532,CCCCCOP(=O)(OCCCCC)SCBr,6.18,t
B,0,533,CCOP(=O)(OCC)SC(Br)C(=O)OCC,6.52,u
B,0,534,CC(C)OP(=O)(OC(C)C)SC(Br)C(=O)OCC,5.07,u
B,0,535,CCCOP(=O)(OCCC)SC(Br)C(=O)OCC,6.24,u
B,0,536,CCCCOP(=O)(OCCCC)SC(Br)C(=O)OCC,6.6,u
B,0,537,CCCCCOP(=O)(OCCCCC)SC(Br)C(=O)OCC,6.78,u
B,0,538,CCCCCCOP(=O)(OCCCCCC)SC(Br)C(=O)OCC,6,u
G,0,189,CC(OP(C)(F)=O)C(C)(C)C,8.18,ss
G,0,189,CC(OP(C)(F)=O)C(C)(C)C,8.14,pp
G,0,190,CC(C)OP(C)(F)=O,7.46,pp
G,0,190,CC(C)OP(C)(F)=O,6.85,qq
G,0,191,N#CP(=O)(OCC)N(C)C,6.13,tt
G,0,191,N#CP(=O)(OCC)N(C)C,6.28,pp
G,0,192,CCOP(C)(=O)SCCN(C(C)C)C(C)C,7.51,pp
G,0,228,O=P(C)(F)OC1CCCCC1,8.33,pp
G,0,250,FP(=O)(OC(C)C)OC(C)C,4.3,aaa
G,0,257,COP(=O)(OC)O\C=C(\Cl)Cl,3.15,cc
I,0,189,CC(OP(C)(F)=O)C(C)(C)C,7.95,pp
I,0,190,CC(C)OP(C)(F)=O,7.18,pp
I,0,191,N#CP(=O)(OCC)N(C)C,6.61,pp
I,0,192,CCOP(C)(=O)SCCN(C(C)C)C(C)C,7.53,pp
I,0,228,O=P(C)(F)OC1CCCCC1,8.16,pp
O,0,189,CC(OP(C)(F)=O)C(C)(C)C,7.56,uu
O,0,191,N#CP(=O)(OCC)N(C)C,6.65,uu
O,0,192,CCOP(C)(=O)SCCN(C(C)C)C(C)C,8.15,uu
O,0,250,FP(=O)(OC(C)C)OC(C)C,4.46,uu
O,0,271,[O-][N+](=O)c1ccc(OP(=O)(OCC)OCC)cc1,5.95,uu
O,0,257,COP(=O)(OC)O\C=C(\Cl)Cl,4.42,fff
O,0,668,O=P(OC)(OC)OC,-1.5,fff
O,0,669,CNP(=O)(OC)OC,1.38,fff
O,0,670,NP(=O)(OC)SC,4.62,fff
O,0,671,O=C(C)NP(=O)(OC)SC,4.78,fff
F,0,190,CC(C)OP(C)(F)=O,7.08,cc
F,0,223,O=P(C)(C)Oc1ccc(cc1)[N+]([O-])=O,6.09,mm
F,0,224,O=P(Oc1ccc(cc1)[N+]([O-])=O)(CC)CC,6.17,mm
F,0,225,O=P(Oc1ccc(cc1)[N+]([O-])=O)(CCC)CCC,5.45,mm
F,0,226,O=P(Oc1ccc(cc1)[N+]([O-])=O)(CCCC)CCCC,4.9,mm
F,0,227,O=P(Oc1ccc(cc1)[N+]([O-])=O)(C(C)C)C(C)C,4.36,mm
F,0,250,FP(=O)(OC(C)C)OC(C)C,4.18,aa
F,0,270,[O-][N+](=O)c1ccc(OP(=O)(OC)OC)cc1,5.99,aa
F,0,271,[O-][N+](=O)c1ccc(OP(=O)(OCC)OCC)cc1,6.25,aa
F,0,633,O=P(OC)(OC)SCN1N=Nc2ccccc2C1=O,6.26,aa
F,0,634,O=P(OCC)(OCC)SCN1N=Nc2ccccc2C1=O,6.55,aa
F,0,258,O=P(C)(OCCC)SCC,2.68,bb
F,0,259,CP(=O)(OCC)SC(C)C,2.16,bb
F,0,260,CCCCSP(C)(=O)OCC,3.07,bb
F,0,261,CCOP(C)(=O)SCCCCC,4.32,bb
F,0,262,CSP(C)(=O)OC1CCCC1,2.54,bb
F,0,263,CP(=O)(SCCC)OC1CCCC1,4.03,bb
F,0,264,CCOP(C)(=O)SCCNCCC,7.69,bb
J,0,192,CCOP(C)(=O)SCCN(C(C)C)C(C)C,7.65,w
J,0,205,CC(C)COP(C)(=O)SCCN(CC)CC,8.27,jj
J,0,205,CC(C)COP(C)(=O)SCCN(CC)CC,8.27,ww
J,0,206,CCCCOP(C)(=O)SCCN(CC)CC,8.16,jj
J,0,228,O=P(C)(F)OC1CCCCC1,8.68,ww
K,0,192,CCOP(C)(=O)SCCN(C(C)C)C(C)C,7.75,w
K,0,205,CC(C)COP(C)(=O)SCCN(CC)CC,8.29,ww
K,0,228,O=P(C)(F)OC1CCCCC1,8.68,ww
L,0,192,CCOP(C)(=O)SCCN(C(C)C)C(C)C,7.67,yy
L,0,205,CC(C)COP(C)(=O)SCCN(CC)CC,8.15,yy
L,0,250,FP(=O)(OC(C)C)OC(C)C,3.48,aa
L,0,270,[O-][N+](=O)c1ccc(OP(=O)(OC)OC)cc1,4.72,aa
L,0,271,[O-][N+](=O)c1ccc(OP(=O)(OCC)OCC)cc1,5.03,aa
L,0,633,O=P(OC)(OC)SCN1N=Nc2ccccc2C1=O,5.45,aa
L,0,634,O=P(OCC)(OCC)SCN1N=Nc2ccccc2C1=O,5.71,aa
H,0,194,CCC(=O)CNP1(=O)Oc2ccccc2O1,3.45,ii
H,0,195,CCC(=O)C(C)NP1(=O)Oc2ccccc2O1,3.37,ii
H,0,196,CCC(=O)C(NP1(=O)Oc2ccccc2O1)C(C)C,3.54,ii
H,0,197,CCC(=O)C(CCCC)NP1(=O)Oc2ccccc2O1,3.42,ii
H,0,198,CCC(=O)C(CC(C)C)NP1(=O)Oc2ccccc2O1,3.5,ii
H,0,199,CCC(=O)C(NP1(=O)Oc2ccccc2O1)C(C)CC,3.56,ii
H,0,200,CCC(=O)C(CC(=O)OCC)NP1(=O)Oc2ccccc2O1,3.36,ii
H,0,201,CCC(=O)C(CC(N)=O)NP1(=O)Oc2ccccc2O1,3.56,ii
H,0,202,CCC(=O)C(CCC(=O)OCC)NP1(=O)Oc2ccccc2O1,2.89,ii
H,0,203,CCC(=O)C(CCSC)NP1(=O)Oc2ccccc2O1,3.34,ii
H,0,204,CCC(=O)C(Cc1ccccc1)NP2(=O)Oc3ccccc3O2,3.53,ii
N,0,194,CCC(=O)CNP1(=O)Oc2ccccc2O1,3.33,ii
N,0,195,CCC(=O)C(C)NP1(=O)Oc2ccccc2O1,3.41,ii
N,0,196,CCC(=O)C(NP1(=O)Oc2ccccc2O1)C(C)C,3.47,ii
N,0,197,CCC(=O)C(CCCC)NP1(=O)Oc2ccccc2O1,3.61,ii
N,0,198,CCC(=O)C(CC(C)C)NP1(=O)Oc2ccccc2O1,3.85,ii
N,0,199,CCC(=O)C(NP1(=O)Oc2ccccc2O1)C(C)CC,3.54,ii
N,0,200,CCC(=O)C(CC(=O)OCC)NP1(=O)Oc2ccccc2O1,3.28,ii
N,0,201,CCC(=O)C(CC(N)=O)NP1(=O)Oc2ccccc2O1,3.47,ii
N,0,202,CCC(=O)C(CCC(=O)OCC)NP1(=O)Oc2ccccc2O1,3.5,ii
N,0,203,CCC(=O)C(CCSC)NP1(=O)Oc2ccccc2O1,3.53,ii
N,0,204,CCC(=O)C(Cc1ccccc1)NP2(=O)Oc3ccccc3O2,3.55,ii
N,0,253,CCOP(=O)(OCC)SCCN(CC)CC,6.84,ee
N,0,638,O=S(=O)(N(C)C)c1ccc(OP(=O)(OC)OC)cc1,5.94,ee
N,0,677,O=P(OC)(OC)OC(/C)=C/C(=O)N(C)C,4.69,ee
N,0,678,CC(C(=O)\C=C(/C)OP(=O)(OC)OC)c1ccccc1,6.63,ee
N,0,679,COP(=O)(OC)O\C=C(/Cl)Cl,6.84,ee
N,0,680,O=P(OC)(OC)SC(=O)NC,5.97,ee
N,0,271,[O-][N+](=O)c1ccc(OP(=O)(OCC)OCC)cc1,7.43,eee
N,0,284,[O-][N+](=O)c1ccc(OP(C)(=O)OCC)cc1,6.88,eee
N,0,303,[O-][N+](=O)c1ccc(OP(=O)(OCC)CC)cc1,7.18,eee
N,0,461,COP(=O)(OC)O\N=C(\Cl)CCl,4.4,v
N,0,462,CCOP(=O)(OCC)O\N=C(\Cl)CCl,5.51,v
N,0,464,CCCOP(=O)(O\N=C(\Cl)CCl)OCCC,4.27,v
N,0,465,CC(C)COP(=O)(O\N=C(\Cl)CCl)OCC(C)C,3.28,v
N,0,466,COP(=O)(OC)O\N=C(\Cl)C,3.76,v
N,0,467,CCOP(=O)(OCC)O\N=C(\Cl)C,4.57,v
N,0,468,CCCOP(=O)(O\N=C(\Cl)C)OCCC,3.76,v
N,0,469,CC(C)COP(=O)(O\N=C(\Cl)C)OCC(C)C,1.82,v
N,0,470,Cl\C(C)=N\OP(=O)(OCCCC)OCCCC,2.65,v
N,0,471,Cl\C(C)=N\OP(=O)(OCCCCC)OCCCCC,3.52,v
N,0,472,Cl\C(=N\OP(=O)(OCCCC)OCCCC)CCl,5.51,v
N,0,473,Cl\C(=N\OP(=O)(OCCCCC)OCCCCC)CCl,3.79,v
N,0,474,COP(=O)(OC)O\N=C(\Cl)C(Cl)Cl,5.5,v
N,0,475,CCOP(=O)(OCC)O\N=C(\Cl)C(Cl)Cl,6.2,v
N,0,476,CCCOP(=O)(O\N=C(\Cl)C(Cl)Cl)OCCC,5.42,v
N,0,477,Cl\C(=N\OP(=O)(OCCCC)OCCCC)C(Cl)Cl,5.21,v
N,0,478,Cl\C(=N\OP(=O)(OCCCCC)OCCCCC)C(Cl)Cl,4.08,v
N,0,479,CCOP(=O)(OCC)O\N=C(\Cl)CC,4.1,v
N,0,480,CCOP(=O)(OCC)O\N=C(\Cl)CCC,3.6,v
N,0,481,CCOP(=O)(OCC)O\N=C(\Cl)CCCC,3.96,v
N,0,639,Clc1cc(OP(N)(=O)OC)c(Cl)cc1Cl,7.04,ccc
N,0,640,Clc1cc(OP(=O)(NC)OC)c(Cl)cc1Cl,6.04,ccc
N,0,641,Clc1cc(OP(=O)(NCC)OC)c(Cl)cc1Cl,6,ccc
N,0,642,Clc1cc(OP(=O)(NCCC)OC)c(Cl)cc1Cl,5.87,ccc
N,0,643,Clc1cc(OP(=O)(NCCCC)OC)c(Cl)cc1Cl,5.83,ccc
N,0,644,Clc1cc(OP(=O)(NC(C)C)OC)c(Cl)cc1Cl,4.8,ccc
N,0,645,Clc1cc(OP(=O)(NC(C)(C)C)OC)c(Cl)cc1Cl,3.4,ccc
N,0,646,Clc1cc(OP(=O)(OC)N(C)C)c(Cl)cc1Cl,5.28,ccc
N,0,647,Clc1cc(OP(=O)(NCC)OCC)c(Cl)cc1Cl,6.63,ccc
N,0,648,Clc1cc(OP(=O)(NCC)OCCC)c(Cl)cc1Cl,6.8,ccc
N,0,649,Clc1cc(OP(=O)(NCC)OC(C)C)c(Cl)cc1Cl,6.37,ccc
N,0,650,CSc1ccc(OP(=O)(OCC)OCC)cc1,3.15,ddd
N,0,651,O=S(C)c1ccc(OP(=O)(OCC)OCC)cc1,4.18,ddd
N,0,652,COS(=O)c1ccc(cc1)OP(=O)(OCC)OCC,5.18,ddd
N,0,653,[O-][N+](=O)c1ccc(OP(=O)(OCC)CCC)cc1,7,eee
N,0,654,[O-][N+](=O)c1ccc(OP(=O)(OCC)CCCC)cc1,6.6,eee
N,0,655,[O-][N+](=O)c1ccc(OP(=O)(OCC)CCCCC)cc1,5.94,eee
N,0,656,[O-][N+](=O)c1ccc(OP(=O)(OCC)CCCCCC)cc1,5.84,eee
N,0,657,CC(C)P(=O)(OCC)Oc1ccc(cc1)[N+]([O-])=O,5.04,eee
N,0,658,CC(C)CP(=O)(OCC)Oc1ccc(cc1)[N+]([O-])=O,5.59,eee
N,0,659,CC(C)CCP(=O)(OCC)Oc1ccc(cc1)[N+]([O-])=O,5.69,eee
N,0,660,CC(C)CCCP(=O)(OCC)Oc1ccc(cc1)[N+]([O-])=O,5.3,eee
N,0,661,[O-][N+](=O)c1ccc(OP(=O)(OCC)CC=C)cc1,5.89,eee
N,0,662,[O-][N+](=O)c1ccc(OP(=O)(OCC)CCOCC)cc1,5.49,eee
N,0,663,[O-][N+](=O)c1ccc(OP(=O)(OCC)CCl)cc1,5.43,eee
N,0,664,CCl(C)P(=O)(OCC)Oc1ccc(cc1)[N+]([O-])=O,5.77,eee
N,0,665,[O-][N+](=O)c1ccc(cc1)OP(=O)(OCC)C2CCCCC2,5.79,eee
N,0,666,[O-][N+](=O)c1ccc(cc1)OP(=O)(OCC)CC2CCCCC2,5.28,eee
N,0,667,[O-][N+](=O)c1ccc(cc1)OP(=O)(OCC)c2ccccc2,4.26,eee
N,0,681,O=C(N)CSP(=O)(OCC)OCC,5.09,kkk
N,0,682,O=C(CSP(=O)(OCC)OCC)NC,4.37,kkk
N,0,683,O=C(CSP(=O)(OCC)OCC)NCC,4.69,kkk
N,0,684,O=C(CSP(=O)(OCC)OCC)NCCC,4.7,kkk
N,0,685,O=C(CSP(=O)(OCC)OCC)NC(C)C,4.53,kkk
N,0,686,O=C(CSP(=O)(OCC)OCC)NCCCC,4.75,kkk
N,0,687,O=C(CSP(=O)(OCC)OCC)N(C)C,5.09,kkk
N,0,688,O=C(CSP(=O)(OCC)OCC)N(CC)CC,6.14,kkk
N,0,689,O=C(CSP(=O)(OCC)OCC)N(CCC)CCC,4.4,kkk
N,0,690,O=C(CSP(=O)(OCC)OCC)N(C(C)C)C(C)C,6.47,kkk
N,0,691,O=C(CSP(=O)(OCC)OCC)N(CCCC)CCCC,4.56,kkk
N,0,692,COP(=O)(OC)SCC(=O)NC,5.09,kkk
N,0,693,O=C(CSP(=O)(OCCC)OCCC)NC,4.13,kkk
N,0,694,O=C(CSP(=O)(OC(C)C)OC(C)C)NC,2.87,kkk
N,0,695,O=P(OCCCC)(OCCCC)SCC(=O)NC,4.01,kkk
N,0,696,O=C(CCSP(=O)(OCC)OCC)NC,3.58,kkk
N,0,697,CC(SP(=O)(OCC)OCC)C(=O)NC,5.06,kkk
N,0,741,O=P(OC)(Sc1ccccc1)OC,4,qqq
N,0,742,Clc1ccccc1SP(=O)(OC)OC,4.75,qqq
N,0,743,Clc1cc(SP(=O)(OC)OC)ccc1,4.37,qqq
N,0,744,Clc1ccc(SP(=O)(OC)OC)cc1,5.64,qqq
N,0,745,O=P(OC)(Sc1ccccc1C)OC,5.58,qqq
N,0,746,O=P(OC)(Sc1cc(C)ccc1)OC,4.79,qqq
N,0,747,O=P(OC)(Sc1ccc(C)cc1)OC,5.18,qqq
C,0,223,O=P(C)(C)Oc1ccc(cc1)[N+]([O-])=O,5.92,mm
C,0,224,O=P(Oc1ccc(cc1)[N+]([O-])=O)(CC)CC,6.06,mm
C,0,225,O=P(Oc1ccc(cc1)[N+]([O-])=O)(CCC)CCC,5.26,mm
C,0,226,O=P(Oc1ccc(cc1)[N+]([O-])=O)(CCCC)CCCC,5.09,mm
C,0,227,O=P(Oc1ccc(cc1)[N+]([O-])=O)(C(C)C)C(C)C,4.2,mm
C,0,250,FP(=O)(OC(C)C)OC(C)C,4.38,aa
C,0,270,[O-][N+](=O)c1ccc(OP(=O)(OC)OC)cc1,6.18,aa
C,0,271,[O-][N+](=O)c1ccc(OP(=O)(OCC)OCC)cc1,6.6,aa
C,0,633,O=P(OC)(OC)SCN1N=Nc2ccccc2C1=O,4.97,aa
C,0,634,O=P(OCC)(OCC)SCN1N=Nc2ccccc2C1=O,5.62,aa
C,0,428,Cl/C(=N\OP(=O)(OCCCC)OCCCC)CCl,5.96,w
C,0,461,COP(=O)(OC)O\N=C(\Cl)CCl,5.03,w
C,0,462,CCOP(=O)(OCC)O\N=C(\Cl)CCl,4.87,w
C,0,463,CC(C)OP(=O)(OC(C)C)O\N=C(\Cl)CCl,3.85,w
C,0,464,CCCOP(=O)(O\N=C(\Cl)CCl)OCCC,5.1,w
C,0,465,CC(C)COP(=O)(O\N=C(\Cl)CCl)OCC(C)C,5.9,w
M,0,250,FP(=O)(OC(C)C)OC(C)C,4.03,zz
M,0,271,[O-][N+](=O)c1ccc(OP(=O)(OCC)OCC)cc1,6.21,zz
M,0,635,CC(C)NP(=O)(NC(C)C)OP(=O)(NC(C)C)NC(C)C,1.19,zz
M,0,271,[O-][N+](=O)c1ccc(OP(=O)(OCC)OCC)cc1,6.22,bbb
M,0,636,ClCCP(=O)(CCCl)Oc1ccc2c(c1)OC(=O)C(Cl)=C2C,5.4,zz
M,0,637,C(N+)(C)(C)CCSP(=O)(OCC)OCC,6.54,zz
E,0,250,FP(=O)(OC(C)C)OC(C)C,4.52,aa
E,0,270,[O-][N+](=O)c1ccc(OP(=O)(OC)OC)cc1,5.64,aa
E,0,271,[O-][N+](=O)c1ccc(OP(=O)(OCC)OCC)cc1,6.09,aa
E,0,633,O=P(OC)(OC)SCN1N=Nc2ccccc2C1=O,5.29,aa
E,0,634,O=P(OCC)(OCC)SCN1N=Nc2ccccc2C1=O,6.12,aa
P,0,250,FP(=O)(OC(C)C)OC(C)C,3.77,aa
P,0,270,[O-][N+](=O)c1ccc(OP(=O)(OC)OC)cc1,4.79,aa
P,0,271,[O-][N+](=O)c1ccc(OP(=O)(OCC)OCC)cc1,5.04,aa
P,0,633,O=P(OC)(OC)SCN1N=Nc2ccccc2C1=O,6.05,aa
P,0,634,O=P(OCC)(OCC)SCN1N=Nc2ccccc2C1=O,5.82,aa
Q,0,250,FP(=O)(OC(C)C)OC(C)C,2.78,aa
Q,0,270,[O-][N+](=O)c1ccc(OP(=O)(OC)OC)cc1,4.15,aa
Q,0,271,[O-][N+](=O)c1ccc(OP(=O)(OCC)OCC)cc1,4.6,aa
Q,0,633,O=P(OC)(OC)SCN1N=Nc2ccccc2C1=O,4.34,aa
Q,0,634,O=P(OCC)(OCC)SCN1N=Nc2ccccc2C1=O,4.61,aa
R,0,741,O=P(OC)(Sc1ccccc1)OC,3.26,qqq
R,0,742,Clc1ccccc1SP(=O)(OC)OC,4.3,qqq
R,0,743,Clc1cc(SP(=O)(OC)OC)ccc1,4.22,qqq
R,0,744,Clc1ccc(SP(=O)(OC)OC)cc1,4.53,qqq
R,0,745,O=P(OC)(Sc1ccccc1C)OC,4.41,qqq
R,0,746,O=P(OC)(Sc1cc(C)ccc1)OC,3.94,qqq
R,0,747,O=P(OC)(Sc1ccc(C)cc1)OC,3.62,qqq