Species,Temperature,ID,SMILES,logki,logki-class
A,1,1,CSP(=O)(c1ccccc1)c2ccccc2,2.34,1
A,1,2,O=P(SCC)(c1ccccc1)c2ccccc2,2.69,1
A,1,3,O=P(SCCC)(c1ccccc1)c2ccccc2,3.08,1
A,1,4,O=P(SCCCC)(c1ccccc1)c2ccccc2,3.4,1
A,1,5,O=P(SCCCCC)(c1ccccc1)c2ccccc2,3.66,0
A,1,6,O=P(SCCCCCC)(c1ccccc1)c2ccccc2,3.76,0
A,1,7,O=P(SC(C)C)(c1ccccc1)c2ccccc2,1.48,1
A,1,8,O=P(SC(C)CC)(c1ccccc1)c2ccccc2,1.7,1
A,1,9,O=P(SC(CC)CC)(c1ccccc1)c2ccccc2,1.85,1
A,1,10,O=P(SCCSC)(OCC)c1ccccc1,4.79,0
A,1,11,O=P(SCCSCC)(OCC)c1ccccc1,4.49,0
A,1,11,O=P(SCCSCC)(OCC)c1ccccc1,4.49,0
A,1,12,O=P(SCCSCCC)(OCC)c1ccccc1,4.41,0
A,1,13,O=P(SCCSCCCC)(OCC)c1ccccc1,5.36,0
A,1,13,O=P(SCCSCCCC)(OCC)c1ccccc1,4.37,0
A,1,14,O=P(SCCSCCCCC)(OCC)c1ccccc1,4.85,0
A,1,15,O=P(SCCSCCCCCC)(OCC)c1ccccc1,4.23,0
A,1,16,O=P(SCC[S+](C)C)(OCC)c1ccccc1,8.18,0
A,1,17,CC[S+](C)CCSP(=O)(OCC)c1ccccc1,7.88,0
A,1,18,O=P(SCC[S+](CCC)C)(OCC)c1ccccc1,8.04,0
A,1,19,O=P(SCC[S+](CCCC)C)(OCC)c1ccccc1,7.76,0
A,1,20,O=P(SCC[S+](CCCCC)C)(OCC)c1ccccc1,8.08,0
A,1,21,O=P(SCC[S+](CCCCCC)C)(OCC)c1ccccc1,8.15,0
A,1,22,O=P(SCCSC)(OCCC)c1ccccc1,4.74,0
A,1,23,O=P(SCCSC)(OCCCC)c1ccccc1,5.18,0
A,1,24,O=P(SCCSC)(OCCCCC)c1ccccc1,5.23,0
A,1,25,O=P(SCCSC)(OCCCCCC)c1ccccc1,5.28,0
A,1,26,O=P(SCC[S+](C)C)(OCCC)c1ccccc1,7.74,0
A,1,27,O=P(SCC[S+](C)C)(OCCCC)c1ccccc1,8.38,0
A,1,28,O=P(SCC[S+](C)C)(OCCCCC)c1ccccc1,8.3,0
A,1,29,O=P(SCC[S+](C)C)(OCCCCCC)c1ccccc1,8.08,0
A,1,30,O=P(OSC)(OCC)c1ccccc1,2.46,1
A,1,31,O=P(OSCC)(OCC)c1ccccc1,2.58,1
A,1,32,O=P(OSCCC)(OCC)c1ccccc1,2.41,1
A,1,33,O=P(OSCCCC)(OCC)c1ccccc1,2.76,1
A,1,34,O=P(OSCCCCC)(OCC)c1ccccc1,3.06,1
A,1,35,O=P(OSCCCCCC)(OCC)c1ccccc1,3.32,1
A,1,36,O=P(SCCSCC)(OCC)C1CCCCC1,2.18,1
A,1,37,O=P(SCCSCCC)(OCC)C1CCCCC1,2.45,1
A,1,38,O=P(SCCSCCCC)(OCC)C1CCCCC1,2.6,1
A,1,39,O=P(SCCSCCCCC)(OCC)C1CCCCC1,2.46,1
A,1,40,O=P(SCCSCCCCCC)(OCC)C1CCCCC1,3.18,1
A,1,41,O=P(SCCSCCCCCCC)(OCC)C1CCCCC1,2.92,1
A,1,42,O=P(SCCSCCCCCCCC)(OCC)C1CCCCC1,2.98,1
A,1,43,O=P(SCCSCCCCCCCCC)(OCC)C1CCCCC1,3.18,1
A,1,44,O=P(SCC[S+](c1ccccc1)C)(OCC)C2CCCCC2,5,0
A,1,45,O=P(SCC[S+](C)c1ccccc1)(OCC)C2CCCCC2,4.85,0
A,1,46,O=P(SCC[S+](CCCC)C)(OCC)C1CCCCC1,5.04,0
A,1,47,O=P(OCC)(SCC[S+](C)C1CCCCC1)C2CCCCC2,5.52,0
A,1,48,O=P(SCC[S+](CCCCCC)C)(OCC)C1CCCCC1,5.97,0
A,1,49,O=P(SCC[S+](CCCCCCC)C)(OCC)C1CCCCC1,6,0
A,1,50,O=P(SCC[S+](CCCCCCCC)C)(OCC)C1CCCCC1,6.08,0
A,1,51,O=P(SCC[S+](CCCCCCCCC)C)(OCC)C1CCCCC1,5.45,0
A,1,52,O=P(SCCSCC)(Cc1ccccc1)OCC,4.18,0
A,1,53,O=P(SCCSCCC)(OCC)Cc1ccccc1,4.41,0
A,1,54,O=P(SCCSCCCC)(OCC)Cc1ccccc1,4.46,0
A,1,55,O=P(SCCSCCCCC)(OCC)Cc1ccccc1,4.11,0
A,1,56,O=P(SCCSCCCCCC)(OCC)Cc1ccccc1,4.52,0
A,1,57,O=P(SCCSCCCCCCC)(OCC)Cc1ccccc1,5.32,0
A,1,58,O=P(SCCSCCCCCCCC)(OCC)Cc1ccccc1,5.34,0
A,1,59,O=P(SCCSCCCCCCCCC)(OCC)Cc1ccccc1,5.38,0
A,1,60,O=P(SCC[S+](CC)C)(OCC)Cc1ccccc1,7,0
A,1,61,O=P(SCC[S+](CCC)C)(OCC)Cc1ccccc1,6.91,0
A,1,62,O=P(SCC[S+](CCCC)C)(OCC)Cc1ccccc1,7.08,0
A,1,63,O=P(SCC[S+](CCCCC)C)(OCC)Cc1ccccc1,7.11,0
A,1,64,O=P(SCC[S+](CCCCCC)C)(OCC)Cc1ccccc1,6.97,0
A,1,65,O=P(SCC[S+](CCCCCCC)C)(OCC)Cc1ccccc1,7.15,0
A,1,66,O=P(SCC[S+](CCCCCCCC)C)(OCC)Cc1ccccc1,7.2,0
A,1,67,CCCCCCCCC[S+](C)CCSP(=O)(Cc1ccccc1)OCC,7.45,0
A,1,68,O=P(OCCCC)(OCCCC)SC,3.88,0
A,1,69,O=P(OCCCC)(OCCCC)SCC,4.08,0
A,1,70,O=P(OCCCC)(OCCCC)SCCC,3.93,0
A,1,71,O=P(OCCCC)(OCCCC)SCCCC,4.08,0
A,1,72,O=P(OCCCC)(OCCCC)SCCCCC,4.32,0
A,1,73,O=P(OCCCC)(OCCCC)SCCCCCC,4.34,0
A,1,74,O=P(OCCCC)(OCCCC)SC(CC)C,4.38,0
A,1,75,O=P(OCCCC)(OCCCC)SC(CC)CC,4.97,0
A,1,76,O=P(OCCCCCC)(OCCCCCC)SC,3.69,0
A,1,77,O=P(OCCCCCC)(OCCCCCC)SCC,3.52,0
A,1,78,O=P(OCCCCCC)(OCCCCCC)SCCC,4.11,0
A,1,79,O=P(OCCCCCC)(OCCCCCC)SCCCC,4.32,0
A,1,80,O=P(OCCCCCC)(OCCCCCC)SCCCCC,4.15,0
A,1,81,O=P(OCCCCCC)(OCCCCCC)SCCCCCC,3.91,0
A,1,82,CCCCCCOP(=O)(OCCCCCC)SC(C)CC,3.72,0
A,1,83,O=P(OCCCCCC)(OCCCCCC)SC(CC)CC,4.18,0
A,1,84,COc1ccc(cc1)N(C)CCSP(=O)(OCCC)OCCC,4.95,0
A,1,85,Cc1ccc(cc1)N(C)CCSP(=O)(OCCC)OCCC,5.2,0
A,1,86,O=P(OCCC)(OCCC)SCCN(c1cc(ccc1)C)C,5.26,0
A,1,87,CN(CCSP(=O)(OCCC)OCCC)c1ccccc1,5.23,0
A,1,88,COc1cccc(c1)N(C)CCSP(=O)(OCCC)OCCC,5.18,0
A,1,89,CN(CCSP(=O)(OCCC)OCCC)c1ccc(Cl)cc1,5.67,0
A,1,90,CN(CCSP(=O)(OCCC)OCCC)c1cc(Cl)ccc1,5.49,0
A,1,91,COc1ccc(cc1)N(C)CCSP(=O)(OCCCC)OCCCC,5.43,0
A,1,92,Cc1ccc(cc1)N(C)CCSP(=O)(OCCCC)OCCCC,6.11,0
A,1,93,Cc1cc(ccc1)N(C)CCSP(=O)(OCCCC)OCCCC,5.67,0
A,1,94,CN(CCSP(=O)(OCCCC)OCCCC)c1ccccc1,5.83,0
A,1,95,COc1cccc(c1)N(C)CCSP(=O)(OCCCC)OCCCC,5.51,0
A,1,96,CN(CCSP(=O)(OCCCC)OCCCC)c1ccc(Cl)cc1,6.08,0
A,1,97,CN(CCSP(=O)(OCCCC)OCCCC)c1cc(Cl)ccc1,5.73,0
A,1,98,COc1ccc(cc1)[N+](C)(C)CCSP(=O)(OCCC)OCCC,7.18,0
A,1,99,Cc1ccc(cc1)[N+](C)(C)CCSP(=O)(OCCC)OCCC,7.56,0
A,1,100,Cc1cc(ccc1)[N+](C)(C)CCSP(=O)(OCCC)OCCC,7.41,0
A,1,101,C[N+](C)(CCSP(=O)(OCCC)OCCC)c1ccccc1,7.45,0
A,1,102,COc1cccc(c1)[N+](C)(C)CCSP(=O)(OCCC)OCCC,7.34,0
A,1,103,COc1ccc(cc1)[N+](C)(C)CCSP(=O)(OCCCC)OCCCC,7.41,0
A,1,104,O=P(OCCCC)(OCCCC)SCC[N+](c1ccc(cc1)C)(C)C,7.79,0
A,1,105,Cc1cc(ccc1)[N+](C)(C)CCSP(=O)(OCCCC)OCCCC,7.57,0
A,1,106,C[N+](C)(CCSP(=O)(OCCCC)OCCCC)c1ccccc1,7.8,0
A,1,107,COc1cccc(c1)[N+](C)(C)CCSP(=O)(OCCCC)OCCCC,7.62,0
A,1,108,COc1ccc(cc1)N(C)CCSP(=O)(OC(C)C)OC(C)C,3.4,1
A,1,109,Cc1ccc(cc1)N(C)CCSP(=O)(OC(C)C)OC(C)C,3.63,0
A,1,110,Cc1cc(ccc1)N(C)CCSP(=O)(OC(C)C)OC(C)C,3.57,0
A,1,111,CN(CCSP(=O)(OC(C)C)OC(C)C)c1ccccc1,2.95,1
A,1,112,COc1cccc(c1)N(C)CCSP(=O)(OC(C)C)OC(C)C,3.53,0
A,1,113,CN(CCSP(=O)(OC(C)C)OC(C)C)c1ccc(Cl)cc1,4.63,0
A,1,114,CN(CCSP(=O)(OC(C)C)OC(C)C)c1cc(Cl)ccc1,4.65,0
A,1,115,COc1ccc(cc1)[N+](C)(C)CCSP(=O)(OC(C)C)OC(C)C,6.08,0
A,1,116,Cc1ccc(cc1)[N+](C)(C)CCSP(=O)(OC(C)C)OC(C)C,6.2,0
A,1,117,Cc1cc(ccc1)[N+](C)(C)CCSP(=O)(OC(C)C)OC(C)C,6.48,0
A,1,118,C[N+](C)(CCSP(=O)(OC(C)C)OC(C)C)c1ccccc1,5.97,0
A,1,119,COc1cccc(c1)[N+](C)(C)CCSP(=O)(OC(C)C)OC(C)C,6.46,0
A,1,120,CN(CCSP(=O)(OCC)OCC)C1CCCCC1,5.66,0
A,1,121,CN(CCSP(=O)(OCCC)OCCC)C1CCCCC1,6.38,0
A,1,122,CN(CCSP(=O)(OC(C)C)OC(C)C)C1CCCCC1,4.26,0
A,1,123,CN(CCSP(=O)(OCCCC)OCCCC)C1CCCCC1,6.54,0
A,1,124,C[N+](C)(CCSP(=O)(OCC)OCC)C1CCCCC1,6.3,0
A,1,125,C[N+](C)(CCSP(=O)(OCCC)OCCC)C1CCCCC1,5,0
A,1,126,C[N+](C)(CCSP(=O)(OC(C)C)OC(C)C)C1CCCCC1,7.11,0
A,1,127,C[N+](C)(CCSP(=O)(OCCCC)OCCCC)C1CCCCC1,5.11,0
A,1,128,CP(C)(=O)SC(c1ccccc1)c2ccccc2,5.69,0
A,1,129,O=P(SC(c1ccccc1)c2ccccc2)(OCC)OCC,5.26,0
A,1,129,O=P(SC(c1ccccc1)c2ccccc2)(OCC)OCC,5.26,0
A,1,130,CCP(=O)(SC(c1ccccc1)c2ccccc2)CC,3.16,1
A,1,130,CCP(=O)(SC(c1ccccc1)c2ccccc2)CC,3.16,1
A,1,131,O=P(SC(c1ccccc1)c2ccccc2)(c3ccccc3)c4ccccc4,4.34,0
A,1,132,O=P(C)(OCC)SCCC,2.72,1
A,1,133,CCOP(C)(=O)SCCCCCC,4.41,0
A,1,134,CCOP(C)(=O)S\C=C\C=C\SCC,6.75,0
A,1,135,CCOP(C)(=O)SCCSCC,5.08,0
A,1,135,CCOP(C)(=O)SCCSCC,4.78,0
A,1,136,C[S+](CCSP(C)(=O)OCC)CC,7.57,0
A,1,137,CP(=O)(CC)SCC[S+](C)CC,4.69,0
A,1,138,O=P(C)(CC)S\C=C\C=C\SCC,6.32,0
A,1,139,CP(=O)(SC(c1ccccc1)c2ccccc2)OCC,5.69,0
A,1,140,O=P(SC(c1ccccc1)c2ccccc2)(OCC)c3ccccc3,4.44,0
A,1,141,CC(C)OP(=O)(OC(C)C)SC,1.77,1
A,1,142,O=P(SC)(OCC)c1ccccc1,2.46,1
A,1,143,O=P(SCC)(OCC)c1ccccc1,2.58,1
A,1,144,O=P(SCCC)(OCC)c1ccccc1,2.41,1
A,1,145,O=P(SCCCC)(OCC)c1ccccc1,2.76,1
A,1,146,O=P(SCCCCC)(OCC)c1ccccc1,3.06,1
A,1,147,O=P(SCCCCCC)(OCC)c1ccccc1,3.33,1
A,1,148,CP(=O)(OCC)SCCSCc1ccccc1,7.4,0
A,1,149,O=P(OCC)(OCC)SCCSCc1ccccc1,4.2,0
A,1,150,CP(=O)(OCCCC)SCCSCc1ccccc1,7.4,0
A,1,151,O=P(SCCSCc1ccccc1)(OCC)c2ccccc2,4.83,0
A,1,152,CP(=O)(OCC)SCCSc1ccccc1,5.57,0
A,1,153,CP(=O)(OCCCC)SCCSc1ccccc1,7.23,0
A,1,154,O=P(OCCCC)(OCCCC)SCCSc1ccccc1,6.18,0
A,1,155,O=P(OCC)(SCCSc1ccccc1)c2ccccc2,5.04,0
A,1,156,CP(=O)(OCC)SCCSCc1ccc(C)cc1,4.45,0
A,1,157,O=P(SCCSCCCCCC)(Cc1ccccc1)OCC,4.52,0
A,1,158,O=P(SCCSCCCCCCC)(Cc1ccccc1)OCC,5.32,0
A,1,159,O=P(SCCSCCCCCCCC)(Cc1ccccc1)OCC,5.34,0
A,1,160,O=P(SCCSCCCCCCCCC)(Cc1ccccc1)OCC,5.38,0
A,1,161,CCCCC[S+](C)CCSP(=O)(Cc1ccccc1)OCC,7.11,0
A,1,162,CCCCCC[S+](C)CCSP(=O)(Cc1ccccc1)OCC,6.97,0
A,1,163,CCCCCCC[S+](C)CCSP(=O)(Cc1ccccc1)OCC,7.11,0
A,1,164,CCCCCCCC[S+](C)CCSP(=O)(Cc1ccccc1)OCC,7.2,0
A,1,165,CCOP(=O)(C\C=C\CCC)SCCSCC,2.18,1
A,1,166,CCOP(=O)(C\C=C\CCC)SCCSCCC,2.45,1
A,1,167,CCOP(=O)(C\C=C\CCC)SCCSCCCC,2.6,1
A,1,168,CCOP(=O)(C\C=C\CCC)SCCSCCCCC,2.46,1
A,1,169,CCOP(=O)(C\C=C\CCC)SCCSCCCCCC,3.11,1
A,1,170,CCOP(=O)(C\C=C\CCC)SCCSCCCCCCC,2.92,1
A,1,171,CCOP(=O)(C\C=C\CCC)SCCSCCCCCCCC,2.98,1
A,1,172,CCOP(=O)(C\C=C\CCC)SCCSCCCCCCCCC,3.18,1
A,1,173,C[S+](CCSP(=O)(OCC)C\C=C\CCC)CC,5,0
A,1,174,C[S+](CCSP(=O)(OCC)C\C=C\CCC)CCC,4.85,0
A,1,175,C[S+](CCSP(=O)(OCC)C\C=C\CCC)CCCC,5.04,0
A,1,176,C[S+](CCSP(=O)(OCC)C\C=C\CCC)CCCCC,5.52,0
A,1,177,C[S+](CCSP(=O)(OCC)C\C=C\CCC)CCCCCC,5.97,0
A,1,178,CCCCCC[S+](C)CCSP(=O)(OCC)c1ccccc1,8.14,0
A,1,179,C[S+](CCSP(=O)(OCC)C\C=C\CCC)CCCCCCC,5,0
A,1,180,C[S+](CCSP(=O)(OCC)C\C=C\CCC)CCCCCCCC,4.08,0
A,1,181,C[S+](CCSP(=O)(OCC)C\C=C\CCC)CCCCCCCCC,5.45,0
A,1,182,CC(SP(=O)(c1ccccc1)c2ccccc2)CCC,-0.15,1
A,1,183,O=S(C)CCSP(C)(=O)OCC,5.46,0
A,1,184,O=S(CCSP(C)(=O)OCC)CC,5.18,0
A,1,185,O=S(CCSP(C)(=O)OCC)CCC,5.51,0
A,1,186,O=S(CCSP(C)(=O)OCC)CCCC,5.68,0
A,1,187,O=S(CCSP(C)(=O)OCC)CCCCC,5.86,0
A,1,188,O=S(CCSP(C)(=O)OCC)CCCCCC,5.96,0
A,1,189,CC(OP(C)(F)=O)C(C)(C)C,7.94,0
A,1,189,CC(OP(C)(F)=O)C(C)(C)C,7.95,0
A,1,190,CC(C)OP(C)(F)=O,7.14,0
A,1,190,CC(C)OP(C)(F)=O,7.26,0
A,1,191,N#CP(=O)(OCC)N(C)C,6.54,0
A,1,191,N#CP(=O)(OCC)N(C)C,6.6,0
A,1,192,CCOP(C)(=O)SCCN(C(C)C)C(C)C,8.08,0
A,1,192,CCOP(C)(=O)SCCN(C(C)C)C(C)C,7.6,0
A,1,193,CP(=O)(OCC)Oc1cc2c(cc1)ccc[n+]2C,9.15,0
A,1,250,FP(=O)(OC(C)C)OC(C)C,4.69,0
A,1,428,Cl/C(=N\OP(=O)(OCCCC)OCCCC)CCl,6.06,0
A,1,430,Cl/C(=N\OP(=O)(OCCCCC)OCCCCC)CCl,5.91,0
A,1,461,COP(=O)(OC)O\N=C(\Cl)CCl,4.96,0
A,1,462,CCOP(=O)(OCC)O\N=C(\Cl)CCl,4.83,0
A,1,464,CCCOP(=O)(O\N=C(\Cl)CCl)OCCC,5.25,0
A,1,466,COP(=O)(OC)O\N=C(\Cl)C,4.04,0
A,1,470,Cl\C(C)=N\OP(=O)(OCCCC)OCCCC,3.47,1
A,1,471,Cl\C(C)=N\OP(=O)(OCCCCC)OCCCCC,4.09,0
A,1,472,Cl\C(=N\OP(=O)(OCCCC)OCCCC)CCl,6.06,0
A,1,559,COP(=O)(OC)O\N=C(/F)Cl,4.76,0
A,1,560,CCOP(=O)(OCC)O\N=C(/F)Cl,5.27,0
A,1,561,CCCOP(=O)(O\N=C(/F)Cl)OCCC,5.18,0
A,1,562,F/C(Cl)=N\OP(=O)(OCCCC)OCCCC,5.29,0
A,1,563,F/C(Cl)=N\OP(=O)(OCCCCC)OCCCCC,5.99,0
A,1,564,CCOP(=O)(OCC)O\N=C(\Cl)C(C)C,2.78,1
A,1,565,CC(C)OP(=O)(OC(C)C)O\N=C(\Cl)C,4.93,0
A,1,566,Cl\C(C)=N\OP(=O)(OCCCCCC)OCCCCCC,5,0
A,1,567,Cl\C(=N\OP(=O)(OCCCC)OCCCC)CC,3.66,0
A,1,568,Cl\C(=N\OP(=O)(OCCCC)OCCCC)CCC,3.66,0
A,1,569,Cl\C(=N\OP(=O)(OCCCC)OCCCC)C(C)C,3.61,0
A,1,570,Cl\C(=N\OP(=O)(OCCCC)OCCCC)CCCC,3.94,0
A,1,571,CCSP(=O)(O\N=C(\Cl)F)SCC,5.91,0
A,1,572,CCCSP(=O)(SCCC)O\N=C(\Cl)F,6.07,0
A,1,573,CCCCSP(=O)(O\N=C(\Cl)F)SCCCC,6.23,0
A,1,574,CC(C)CSP(=O)(SCC(C)C)O\N=C(\Cl)F,6.1,0
A,1,575,CCCCCSP(=O)(O\N=C(\Cl)F)SCCCCC,6.09,0
A,1,576,O=P(OCC)(OCC2CCCN1CCCCC12)SCC3C4N(CCC3)CCCC4,4.2,0
A,1,577,O=P(OCCC)(OCC2CCCN1CCCCC12)SCC3CCCN4CCCCC34,5.42,0
A,1,578,O=P(OCCCC)(OCC2CCCN1CCCCC12)SCC3CCCN4CCCCC34,6.05,0
A,1,579,O=P(OCCCCC)(OCC2CCCN1CCCCC12)SCC3CCCN4CCCCC34,6.08,0
A,1,580,CC(C)OP(=O)(OCC2CCCN1CCCCC12)SCC3CCCN4CCCCC34,4.08,0
A,1,581,CC(C)COP(=O)(OCC2CCCN1CCCCC12)SCC3CCCN4CCCCC34,6.44,0
A,1,582,CC(C)CCOP(=O)(OCC2CCCN1CCCCC12)SCC3CCCN4CCCCC34,6.77,0
A,1,583,C[N+]34CCCC(COP(=O)(OCC)SCC1CCC[N+]2(C)CCCCC12)C4CCCC3,4.8,0
A,1,584,C[N+]34CCCC(COP(=O)(OCCC)SCC1CCC[N+]2(C)CCCCC12)C4CCCC3,6.22,0
A,1,585,C[N+]34CCCC(COP(=O)(OCCCC)SCC1CCC[N+]2(C)CCCCC12)C4CCCC3,6.96,0
A,1,586,C[N+]34CCCC(COP(=O)(OCCCCC)SCC1CCC[N+]2(C)CCCCC12)C4CCCC3,7.27,0
A,1,587,C[N+]34CCCC(COP(=O)(OC(C)C)SCC1CCC[N+]2(C)CCCCC12)C4CCCC3,4.6,0
A,1,588,CC(C)COP(=O)(OCC1CCC[N+]2(C)CCCCC12)SCC3CCC[N+]4(C)CCCCC34,6.83,0
A,1,589,CC(C)CCOP(=O)(OCC1CCC[N+]2(C)CCCCC12)SCC3CCC[N+]4(C)CCCCC34,7.19,0
A,1,590,CCP(=O)(CC)CN2CCCC1CCCCC12,7.11,0
A,1,591,CCP(=O)(CCC)CN2CCCC1CCCCC12,7.36,0
A,1,592,CCP(=O)(CCCC)CN2CCCC1CCCCC12,7.65,0
A,1,593,CCP(=O)(CCCCC)CN2CCCC1CCCCC12,7.43,0
A,1,594,CC(C)P(=O)(CC)CN2CCCC1CCCCC12,5.32,0
A,1,595,CC(C)CP(=O)(CC)CN2CCCC1CCCCC12,7.38,0
A,1,596,CC(C)CCP(=O)(CC)CN2CCCC1CCCCC12,7.81,0
A,1,597,CCP(=O)(CC)C[N+]2(C)CCCC1CCCCC12,6.74,0
A,1,598,CCP(=O)(CCC)C[N+]2(C)CCCC1CCCCC12,7,0
A,1,599,CCP(=O)(CCCC)C[N+]2(C)CCCC1CCCCC12,7.52,0
A,1,600,CCP(=O)(CCCCC)C[N+]2(C)CCCC1CCCCC12,7.34,0
A,1,601,CC(C)P(=O)(CC)C[N+]2(C)CCCC1CCCCC12,5.18,0
A,1,602,CC(C)CP(=O)(CC)C[N+]2(C)CCCC1CCCCC12,7.43,0
A,1,603,CC(C)CCP(=O)(CC)C[N+]2(C)CCCC1CCCCC12,7.7,0
A,1,604,O=P(CC)(CC)N2CCCCC2c1ccccc1,5.11,0
A,1,605,O=P(CC)(CCC)N2CCCCC2c1ccccc1,5.87,0
A,1,606,O=P(CC)(CCCC)N2CCCCC2c1ccccc1,6.54,0
A,1,607,O=P(CC)(CCCCC)N2CCCCC2c1ccccc1,6,0
A,1,608,O=P(CC)(C(C)C)N2CCCCC2c1ccccc1,4.72,0
A,1,609,O=P(CC)(CC(C)C)N2CCCCC2c1ccccc1,6.26,0
A,1,610,O=P(CC)(CCC(C)C)N2CCCCC2c1ccccc1,6.67,0
A,1,611,CCP(=O)(CC)[N+]2(C)CCCCC2c1ccccc1,5.59,0
A,1,612,CCP(=O)(CCC)[N+]2(C)CCCCC2c1ccccc1,6.56,0
A,1,613,CCP(=O)(CCCC)[N+]2(C)CCCCC2c1ccccc1,7.15,0
A,1,614,CCP(=O)(CCCCC)[N+]2(C)CCCCC2c1ccccc1,7.18,0
A,1,615,CC(C)P(=O)(CC)[N+]2(C)CCCCC2c1ccccc1,5.7,0
A,1,616,CC(C)CP(=O)(CC)[N+]2(C)CCCCC2c1ccccc1,7.52,0
A,1,617,CC(C)CCP(=O)(CC)[N+]2(C)CCCCC2c1ccccc1,7.7,0
A,1,618,CCP(=O)(CC)C1CC2CC1C3=CC=CC(=O)N23,4.8,0
A,1,619,CCP(=O)(CCC)C1CC2CC1C3=CC=CC(=O)N23,5.08,0
A,1,620,CCP(=O)(CCCC)C1CC2CC1C3=CC=CC(=O)N23,6.54,0
A,1,621,CCP(=O)(CCCCC)C1CC2CC1C3=CC=CC(=O)N23,6.87,0
A,1,622,CC(C)P(=O)(CC)C1CC2CC1C3=CC=CC(=O)N23,4.54,0
A,1,623,CCP(=O)(CC)C3CC2CC3C1=CC=CC(=O)[N+]12C,5.04,0
A,1,624,CCP(=O)(CCC)C3CC2CC3C1=CC=CC(=O)[N+]12C,5.49,0
A,1,625,CCP(=O)(CCCC)C3CC2CC3C1=CC=CC(=O)[N+]12C,6.04,0
A,1,626,CCP(=O)(CCCCC)C3CC2CC3C1=CC=CC(=O)[N+]12C,6.36,0
A,1,627,CC(C)P(=O)(CC)C3CC2CC3C1=CC=CC(=O)[N+]12C,4.81,0
A,1,708,FC(F)(F)C(OP(=O)(OC)OC)Oc1ccccc1,2.33,1
A,1,709,FC(F)(F)C(OP(=O)(OCC)OCC)Oc1ccccc1,2.78,1
A,1,710,FC(F)(F)C(OP(=O)(OCCCC)OCCCC)Oc1ccccc1,4.28,0
A,1,711,COP(=O)(OC)OC(C(F)(F)F)C(F)(F)F,2.34,1
A,1,712,CCOP(=O)(OCC)OC(C(F)(F)F)C(F)(F)F,2.94,1
A,1,713,FC(F)(F)C(OP(=O)(OCCCC)OCCCC)C(F)(F)F,4.87,0
A,1,714,COP(=O)(OC)OC(C(=O)OCC)C(F)(F)F,2.62,1
A,1,715,CCOP(=O)(OCC)OC(C(=O)OCC)C(F)(F)F,3.08,1
A,1,716,FC(F)(F)C(OP(=O)(OCCCC)OCCCC)C(=O)OCC,3.82,0
A,1,766,CSP(=O)(OCCCC)OCCCC,3.87,0
A,1,767,CCSP(=O)(OCCCC)OCCCC,4.08,0
A,1,768,CCCCOP(=O)(OCCCC)SCCC,3.93,0
A,1,769,CCCCOP(=O)(OCCCC)SCCCC,4.06,0
A,1,770,CCCCOP(=O)(OCCCC)SCCCCC,4.32,0
A,1,771,CCCCOP(=O)(OCCCC)SCCCCCC,4.35,0
A,3,135,CCOP(C)(=O)SCCSCC,4.61,0
A,3,136,C[S+](CCSP(C)(=O)OCC)CC,8.11,0
A,3,250,FP(=O)(OC(C)C)OC(C)C,4.68,0
A,3,323,CP(=O)(OCC)SCC,2.34,1
A,3,329,CC(C)(C)CCSP(C)(=O)OCC,3.2,1
A,3,332,CCOP(C)(=O)SCCCCCC(C)(C)C,4.03,0
A,3,357,CP(=O)(OCCCCCCC)SCCCC,3.65,0
A,3,403,CCCCOP(C)(=O)SCCCCCC,4.76,0
A,3,407,O=P(OCC)(OCC)C(C)(C)N(C)C(=O)C(C(F)(F)F)C(F)(F)F,3.3,1
A,3,408,O=P(OCC)(OCC)C(C)(CC)N(C)C(=O)C(C(F)(F)F)C(F)(F)F,4.11,0
A,3,409,O=P(OCC)(OCC)C(C)(CCCC)N(C)C(=O)C(C(F)(F)F)C(F)(F)F,2.6,1
A,3,410,O=P(OCC)(OCC)C(C)(C)NC(=O)C(C(F)(F)F)C(F)(F)F,1.6,1
A,3,411,O=P(OCC)(OCC)C(C)(CC)NC(=O)C(C(F)(F)F)C(F)(F)F,2.3,1
A,3,412,O=P(OCC)(OCC)C(C)(CC(C)C)NC(=O)C(C(F)(F)F)C(F)(F)F,4.08,0
A,3,413,O=P(OCC)(OCC)C(C)(CCCC)NC(=O)C(C(F)(F)F)C(F)(F)F,3.76,0
A,3,414,CCOP(C)(=O)SCCC(C)(C)CCC,3.2,1
A,3,415,CCCCOP(C)(=O)SCCSCC,5.62,0
A,3,416,CN(CCSP(=O)(OCC)OCC)CCCCCC,4.01,0
A,3,417,C[N+](C)(CCSP(=O)(OCC)OCC)CCCCCC,6.95,0
A,3,418,COP(=O)(OC)O\N=C(/Cl)C,4.04,0
A,3,419,CCOP(=O)(OCC)O\N=C(/Cl)C,3.64,0
A,3,420,CCCOP(=O)(O\N=C(/Cl)C)OCCC,3.36,1
A,3,421,Cl/C(C)=N\OP(=O)(OCCCC)OCCCC,3.47,1
A,3,422,CC(C)COP(=O)(O\N=C(/Cl)C)OCC(C)C,3.44,1
A,3,423,Cl/C(C)=N\OP(=O)(OCCCCC)OCCCCC,4.09,0
A,3,424,COP(=O)(OC)O\N=C(/Cl)CCl,4.96,0
A,3,425,CCOP(=O)(OC)O\N=C(/Cl)CCl,5.08,0
A,3,426,CCOP(=O)(OCC)O\N=C(/Cl)CCl,4.83,0
A,3,427,CCCOP(=O)(O\N=C(/Cl)CCl)OCCC,5.25,0
A,3,428,Cl/C(=N\OP(=O)(OCCCC)OCCCC)CCl,6.06,0
A,3,429,CC(C)COP(=O)(O\N=C(/Cl)CCl)OCC(C)C,5.9,0
A,3,430,Cl/C(=N\OP(=O)(OCCCCC)OCCCCC)CCl,5.91,0
A,3,431,COP(=O)(OC)O\N=C(/Cl)C(Cl)Cl,5.72,0
A,3,432,CCOP(=O)(OCC)O\N=C(/Cl)C(Cl)Cl,5.1,0
A,3,433,CCCOP(=O)(O\N=C(/Cl)C(Cl)Cl)OCCC,5.85,0
A,3,434,Cl/C(=N\OP(=O)(OCCCC)OCCCC)C(Cl)Cl,6.39,0
A,3,435,Cl/C(=N\OP(=O)(OCCCCC)OCCCCC)C(Cl)Cl,6.48,0
A,3,436,COP(=O)(OC)O\N=C(\F)Cl,4.76,0
A,3,437,CCOP(=O)(OCC)O\N=C(\F)Cl,5.27,0
A,3,438,CCCOP(=O)(O\N=C(\F)Cl)OCCC,5.18,0
A,3,439,F\C(Cl)=N\OP(=O)(OCCCC)OCCCC,5.29,0
A,3,440,F\C(Cl)=N\OP(=O)(OCCCCC)OCCCCC,5.99,0
A,3,441,CCOP(=O)(OCC)O\N=C(/Cl)CC,3.47,1
A,3,442,CCOP(=O)(OCC)O\N=C(/Cl)CCC,3.63,0
A,3,443,CCOP(=O)(OCC)O\N=C(/Cl)CCCC,3.78,0
A,3,444,CCOP(=O)(OCC)O\N=C(/Cl)C(C)C,2.78,1
A,3,445,O=P(C)(OCC)O\N=C(/Cl)C,3.32,1
A,3,446,CCCOP(C)(=O)O\N=C(/Cl)C,3.49,1
A,3,447,O=P(C)(OC(C)C)O\N=C(/Cl)C,4.93,0
A,3,448,Cl/C(C)=N\OP(C)(=O)OCCCC,3.93,0
A,3,449,Cl/C(C)=N\OP(C)(=O)OCCCCC,4.46,0
A,3,450,Cl/C(C)=N\OP(C)(=O)OCCCCCC,5,0
A,3,451,Cl/C(=N\OP(C)(=O)OCCCC)CC,3.66,0
A,3,452,Cl/C(=N\OP(C)(=O)OCCCC)CCC,3.66,0
A,3,453,Cl/C(=N\OP(C)(=O)OCCCC)C(C)C,3.61,0
A,3,454,Cl/C(=N\OP(C)(=O)OCCCC)CCCC,3.94,0
A,3,455,Cl/C(=N\OP(C)(=O)OCCCC)CCl,6.54,0
A,3,456,CCSP(=O)(O\N=C(/Cl)F)SCC,5.91,0
A,3,457,CCCSP(=O)(SCCC)O\N=C(/Cl)F,6.07,0
A,3,458,CCCCSP(=O)(O\N=C(/Cl)F)SCCCC,6.23,0
A,3,459,CC(C)CSP(=O)(SCC(C)C)O\N=C(/Cl)F,6.1,0
A,3,460,CCCCCSP(=O)(O\N=C(/Cl)F)SCCCCC,6.09,0
A,3,461,COP(=O)(OC)O\N=C(\Cl)CCl,5.08,0
A,3,462,CCOP(=O)(OCC)O\N=C(\Cl)CCl,4.83,0
A,3,464,CCCOP(=O)(O\N=C(\Cl)CCl)OCCC,5.25,0
A,3,465,CC(C)COP(=O)(O\N=C(\Cl)CCl)OCC(C)C,5.9,0
A,3,466,COP(=O)(OC)O\N=C(\Cl)C,4.04,0
A,3,467,CCOP(=O)(OCC)O\N=C(\Cl)C,3.64,0
A,3,468,CCCOP(=O)(O\N=C(\Cl)C)OCCC,3.36,1
A,3,469,CC(C)COP(=O)(O\N=C(\Cl)C)OCC(C)C,3.44,1
A,3,470,Cl\C(C)=N\OP(=O)(OCCCC)OCCCC,3.47,1
A,3,471,Cl\C(C)=N\OP(=O)(OCCCCC)OCCCCC,4.09,0
A,3,472,Cl\C(=N\OP(=O)(OCCCC)OCCCC)CCl,6.06,0
A,3,473,Cl\C(=N\OP(=O)(OCCCCC)OCCCCC)CCl,5.91,0
A,3,474,COP(=O)(OC)O\N=C(\Cl)C(Cl)Cl,5.72,0
A,3,475,CCOP(=O)(OCC)O\N=C(\Cl)C(Cl)Cl,5.1,0
A,3,476,CCCOP(=O)(O\N=C(\Cl)C(Cl)Cl)OCCC,5.85,0
A,3,477,Cl\C(=N\OP(=O)(OCCCC)OCCCC)C(Cl)Cl,6.39,0
A,3,478,Cl\C(=N\OP(=O)(OCCCCC)OCCCCC)C(Cl)Cl,6.48,0
A,3,479,CCOP(=O)(OCC)O\N=C(\Cl)CC,3.47,1
A,3,480,CCOP(=O)(OCC)O\N=C(\Cl)CCC,3.63,0
A,3,481,CCOP(=O)(OCC)O\N=C(\Cl)CCCC,3.78,0
A,3,628,CCOP(=O)(OCC)SC(SP(=O)(OCC)OCC)C(=O)OCC,3.36,1
A,3,629,CCCOP(=O)(OCCC)SC(SP(=O)(OCCC)OCCC)C(=O)OCC,4.65,0
A,3,630,CC(C)OP(=O)(OC(C)C)SC(SP(=O)(OC(C)C)OC(C)C)C(=O)OCC,3.15,1
A,3,631,CCCCOP(=O)(OCCCC)SC(SP(=O)(OCCCC)OCCCC)C(=O)OCC,4.84,0
A,3,632,CC(C)COP(=O)(OCC(C)C)SC(SP(=O)(OCC(C)C)OCC(C)C)C(=O)OCC,4.84,0
A,2,189,CC(OP(C)(F)=O)C(C)(C)C,7.96,0
A,2,189,CC(OP(C)(F)=O)C(C)(C)C,7.96,0
A,2,189,CC(OP(C)(F)=O)C(C)(C)C,8.28,0
A,2,190,CC(C)OP(C)(F)=O,7.43,0
A,2,190,CC(C)OP(C)(F)=O,7.51,0
A,2,190,CC(C)OP(C)(F)=O,7.56,0
A,2,191,N#CP(=O)(OCC)N(C)C,6.87,0
A,2,191,N#CP(=O)(OCC)N(C)C,7.26,0
A,2,192,CCOP(C)(=O)SCCN(C(C)C)C(C)C,8.08,0
A,2,192,CCOP(C)(=O)SCCN(C(C)C)C(C)C,8.08,0
A,2,192,CCOP(C)(=O)SCCN(C(C)C)C(C)C,8,0
A,2,192,CCOP(C)(=O)SCCN(C(C)C)C(C)C,8,0
A,2,205,CC(C)COP(C)(=O)SCCN(CC)CC,8.66,0
A,2,205,CC(C)COP(C)(=O)SCCN(CC)CC,8.66,0
A,2,205,CC(C)COP(C)(=O)SCCN(CC)CC,8.66,0
A,2,206,CCCCOP(C)(=O)SCCN(CC)CC,8.49,0
A,2,228,O=P(C)(F)OC1CCCCC1,8.69,0
A,2,228,O=P(C)(F)OC1CCCCC1,8.62,0
A,2,228,O=P(C)(F)OC1CCCCC1,8.69,0
A,2,228,O=P(C)(F)OC1CCCCC1,8.69,0
A,2,228,O=P(C)(F)OC1CCCCC1,8.62,0
A,2,250,FP(=O)(OC(C)C)OC(C)C,5.11,0
A,2,251,Clc1cc(OP(=O)(OC)OC)c(Cl)cc1Cl,4.36,0
A,2,252,CCOP(=O)(OCC)SCCC(CC)CC,5.36,0
A,2,253,CCOP(=O)(OCC)SCCN(CC)CC,6.15,0
A,2,254,CCOP(=O)(OCC)SCC[N+](CC)(CC)CC,6.84,0
A,2,255,CN(C)CC(CN(C)C)SP(=O)(OCC)OCC,5.61,0
A,2,265,CP(F)(=O)OC,8.82,0
A,2,266,CP(F)(=O)OCC,7.75,0
A,2,267,CP(F)(=O)OCCC,8.4,0
A,2,268,CP(F)(=O)OCCCC,8.67,0
A,2,269,CC(C)COP(C)(F)=O,8.72,0
A,2,270,[O-][N+](=O)c1ccc(OP(=O)(OC)OC)cc1,6.08,0
A,2,271,[O-][N+](=O)c1ccc(OP(=O)(OCC)OCC)cc1,6.34,0
A,2,271,[O-][N+](=O)c1ccc(OP(=O)(OCC)OCC)cc1,6.52,0
A,2,539,FP(=O)(C)OCCCCC,7.27,0
A,2,540,CC(C)(C)COP(C)(F)=O,8.23,0
A,2,557,CP(F)(=O)OCCC(C)C,8.74,0
A,2,558,CP(F)(=O)OCC(C)CC,8.69,0
A,2,678,CC(C(=O)\C=C(/C)OP(=O)(OC)OC)c1ccccc1,4.54,0
A,2,679,COP(=O)(OC)O\C=C(/Cl)Cl,4.44,0
A,2,748,O=P(OC)(OC)Oc1ccc2c(c1)OC(O)C(Cl)=C2C,5.61,0
A,2,749,O=P(OCC)(OCC)Oc1ccc2c(c1)OC(O)C(Cl)=C2C,6.08,0
A,2,750,CC(C)OP(=O)(OC(C)C)Oc1ccc2c(c1)OC(O)C(Cl)=C2C,5.7,0
A,2,751,CP(=O)(OCC)Oc1ccc2c(c1)OC(O)C(Cl)=C2C,6.96,0
A,2,752,CC(C)OP(C)(=O)Oc1ccc2c(c1)OC(O)C(Cl)=C2C,6.04,0
A,2,753,CC(C)COP(C)(=O)Oc1ccc2c(c1)OC(O)C(Cl)=C2C,7.86,0
A,2,754,CC(C)(C)C(C)OP(C)(=O)Oc1ccc2c(c1)OC(O)C(Cl)=C2C,6.23,0
A,2,755,CP(=O)(OC1CCCCC1)Oc2ccc3c(c2)OC(O)C(Cl)=C3C,7.73,0
A,2,756,O=P(OCC)(OCC)Oc1ccc2c(c1)OC(O)C=C2C,5.84,0
A,2,757,CP(=O)(OCC)Oc1ccc2c(c1)OC(O)C=C2C,6.68,0
A,2,758,CC(C)COP(C)(=O)Oc1ccc2c(c1)OC(O)C=C2C,7.79,0
A,2,759,CC(C)(C)C(C)OP(C)(=O)Oc1ccc2c(c1)OC(O)C=C2C,7,0
A,2,760,O=P(OCC)(OCC)Oc1ccc2c(c1)OC(O)C=C2C(F)(F)F,6.38,0
A,2,761,CP(=O)(OCC)Oc1ccc2c(c1)OC(O)C=C2C(F)(F)F,6.83,0
A,2,762,CC(C)OP(C)(=O)Oc1ccc2c(c1)OC(O)C=C2C(F)(F)F,5.97,0
A,2,763,CC(C)COP(C)(=O)Oc1ccc2c(c1)OC(O)C=C2C(F)(F)F,7.36,0
A,2,764,CC(C)(C)C(C)OP(C)(=O)Oc1ccc2c(c1)OC(O)C=C2C(F)(F)F,5.94,0
A,2,765,CP(=O)(OC1CCCCC1)Oc2ccc3c(c2)OC(O)C=C3C(F)(F)F,7.34,0
A,7,192,CCOP(C)(=O)SCCN(C(C)C)C(C)C,7.84,0
A,7,637,C(N+)(C)(C)CCSP(=O)(OCC)OCC,6.19,0
D,1,132,O=P(C)(OCC)SCCC,2.72,1
D,1,133,CCOP(C)(=O)SCCCCCC,4.2,0
D,1,135,CCOP(C)(=O)SCCSCC,4.78,0
D,1,136,C[S+](CCSP(C)(=O)OCC)CC,8.4,0
D,1,189,CC(OP(C)(F)=O)C(C)(C)C,8.3,0
D,1,189,CC(OP(C)(F)=O)C(C)(C)C,7.7,0
D,1,189,CC(OP(C)(F)=O)C(C)(C)C,9.73,0
D,1,190,CC(C)OP(C)(F)=O,7.15,0
D,1,190,CC(C)OP(C)(F)=O,8.96,0
D,1,191,N#CP(=O)(OCC)N(C)C,6.56,0
D,1,192,CCOP(C)(=O)SCCN(C(C)C)C(C)C,8.3,0
D,1,192,CCOP(C)(=O)SCCN(C(C)C)C(C)C,9.29,0
D,1,209,[O-][N+](=O)c1ccc(OP(C)(=O)SCCCC)cc1,6.08,0
D,1,224,O=P(Oc1ccc(cc1)[N+]([O-])=O)(CC)CC,3.54,0
D,1,225,O=P(Oc1ccc(cc1)[N+]([O-])=O)(CCC)CCC,4.26,0
D,1,227,O=P(Oc1ccc(cc1)[N+]([O-])=O)(C(C)C)C(C)C,2.94,1
D,1,228,O=P(C)(F)OC1CCCCC1,8.52,0
D,1,250,FP(=O)(OC(C)C)OC(C)C,5.96,0
D,1,250,FP(=O)(OC(C)C)OC(C)C,6.24,0
D,1,252,CCOP(=O)(OCC)SCCC(CC)CC,5.36,0
D,1,253,CCOP(=O)(OCC)SCCN(CC)CC,6.52,0
D,1,257,COP(=O)(OC)O\C=C(\Cl)Cl,4.77,0
D,1,260,CCCCSP(C)(=O)OCC,3.08,1
D,1,260,CCCCSP(C)(=O)OCC,3.07,1
D,1,261,CCOP(C)(=O)SCCCCC,3.41,1
D,1,262,CSP(C)(=O)OC1CCCC1,3.41,1
D,1,270,[O-][N+](=O)c1ccc(OP(=O)(OC)OC)cc1,5.08,0
D,1,271,[O-][N+](=O)c1ccc(OP(=O)(OCC)OCC)cc1,6.12,0
D,1,271,[O-][N+](=O)c1ccc(OP(=O)(OCC)OCC)cc1,7.73,0
D,1,272,[O-][N+](=O)c1ccc(OP(=O)(OCCC)OCCC)cc1,5.93,0
D,1,273,CC(C)OP(=O)(OC(C)C)Oc1ccc(cc1)[N+]([O-])=O,4.32,0
D,1,274,[O-][N+](=O)c1ccc(OP(=O)(OCCCC)OCCCC)cc1,6.11,0
D,1,275,CC(C)COP(=O)(OCC(C)C)Oc1ccc(cc1)[N+]([O-])=O,5.88,0
D,1,276,CC(CC)OP(=O)(OC(C)CC)Oc1ccc(cc1)[N+]([O-])=O,4.68,0
D,1,277,[O-][N+](=O)c1ccc(OP(=O)(OCCCCC)OCCCCC)cc1,6.26,0
D,1,278,[O-][N+](=O)c1ccc(SP(=O)(OCC)OCC)cc1,5.67,0
D,1,279,[O-][N+](=O)c1ccccc1OP(=O)(OC)OC,3.71,0
D,1,280,[O-][N+](=O)c1ccccc1OP(=O)(OCC)OCC,4.23,0
D,1,281,[N+](=O)c1cccc(OP(=O)(OC)OC)c1,2.72,1
D,1,282,[O-][N+](=O)c1cccc(OP(=O)(OCC)OCC)c1,4.08,0
D,1,283,[O-][N+](=O)c1ccc(OP(C)(=O)OC)cc1,5.91,0
D,1,284,[O-][N+](=O)c1ccc(OP(C)(=O)OCC)cc1,6.71,0
D,1,285,[O-][N+](=O)c1ccc(OP(C)(=O)OCCC)cc1,7.08,0
D,1,286,[O-][N+](=O)c1ccc(OP(C)(=O)OC(C)C)cc1,5.85,0
D,1,287,[O-][N+](=O)c1ccc(OP(C)(=O)OCCCC)cc1,7.32,0
D,1,288,[O-][N+](=O)c1ccc(OP(C)(=O)OCC(C)C)cc1,7.96,0
D,1,289,[O-][N+](=O)c1ccc(OP(C)(=O)OC(C)CC)cc1,6.36,0
D,1,290,[O-][N+](=O)c1ccc(OP(C)(=O)OCCCCC)cc1,7.04,0
D,1,291,[O-][N+](=O)c2ccc(OP(C)(=O)OC1CCCCC1)cc2,6.66,0
D,1,292,[O-][N+](=O)c1ccc(OP(C)(=O)OC(C)C(C)(C)C)cc1,4.45,0
D,1,293,[O-][N+](=O)c1ccccc1OP(C)(=O)OC,4.54,0
D,1,294,[O-][N+](=O)c1cccc(OP(C)(=O)OC)c1,4.23,0
D,1,295,[O-][N+](=O)c1ccc(OP(=O)(OC(C)C)CC)cc1,5.46,0
D,1,296,[O-][N+](=O)c1ccc(OP(=O)(OC(C)C)CCC)cc1,4.9,0
D,1,297,CC(C)P(=O)(OC(C)C)Oc1ccc(cc1)[N+]([O-])=O,2.93,1
D,1,298,[O-][N+](=O)c1ccc(OP(=O)(OC(C)C)CCCC)cc1,5.1,0
D,1,299,CC(C)CP(=O)(OC(C)C)Oc1ccc(cc1)[N+]([O-])=O,4.32,0
D,1,300,CC(CC)P(=O)(OC(C)C)Oc1ccc(cc1)[N+]([O-])=O,3.11,1
D,1,301,CC(C)(C)P(=O)(OC(C)C)Oc1ccc(cc1)[N+]([O-])=O,0.64,1
D,1,302,[O-][N+](=O)c1ccc(OP(=O)(OC(C)C)CCCCC)cc1,5.11,0
D,1,303,[O-][N+](=O)c1ccc(OP(=O)(OCC)CC)cc1,6.26,0
D,1,304,[O-][N+](=O)c1ccc(SP(=O)(OCC)CC)cc1,6.59,0
D,1,305,[O-][N+](=O)c1ccccc1OP(=O)(OCC)CC,4.04,0
D,1,306,[O-][N+](=O)c1cccc(OP(=O)(OCC)CC)c1,4.41,0
D,1,307,O=P(Oc1ccc(cc1)[N+]([O-])=O)(CC(C)C)CC(C)C,2.6,1
D,1,308,O=P(Oc1ccc(cc1)[N+]([O-])=O)(C(C)CC)C(C)CC,3.34,1
D,1,309,O=P(Oc1ccc(cc1)[N+]([O-])=O)(CCCCC)CCCCC,4.89,0
D,1,310,FP(=O)(OC)OC,4.86,0
D,1,311,FP(=O)(OCC)OCC,5.31,0
D,1,312,CCCOP(F)(=O)OCCC,5.96,0
D,1,313,CP(F)(=O)OC(C)CC(C)C,8.3,0
D,1,314,CCP(F)(=O)OCC,6.49,0
D,1,315,CN(C)c1cccc(OP(=O)(OC)OC)c1,3.34,1
D,1,316,CN(C)c1cccc(OP(C)(=O)OC)c1,3.04,1
D,1,317,CN(C)c1cccc(OP(=O)(OCC)OCC)c1,3.56,0
D,1,318,CN(C)c1cccc(OP(=O)(OCC)CC)c1,2.11,1
D,1,319,CCOP(=O)(CC)SCCN(CC)CC,7.61,0
D,1,320,O=P(OCC)(CC)SCCCl,4.46,0
D,1,321,CC(C)OP(=O)(OC(C)C)Oc2cc1ccccc1[n+](C)c2,6.26,0
D,1,322,O=P(OC(C)C)(OC(C)C)N(N)N,5.15,0
D,1,323,CP(=O)(OCC)SCC,2.34,1
D,1,324,CCOP(C)(=O)SCCCCCCC,4.32,0
D,1,325,CCOP(C)(=O)SCCCCCCCC,4.56,0
D,1,326,CCOP(C)(=O)SCCCCCCCCC,4.49,0
D,1,327,CCOP(C)(=O)SCCCCCCCCCC,4.2,0
D,1,328,O=P(C)(OCC)SCC(C)(C)C,4.3,0
D,1,329,CC(C)(C)CCSP(C)(=O)OCC,3.2,1
D,1,330,CCOP(C)(=O)SCCCC(C)(C)C,3.34,1
D,1,331,CCOP(C)(=O)SCCCCC(C)(C)C,3.86,0
D,1,332,CCOP(C)(=O)SCCCCCC(C)(C)C,4.04,0
D,1,333,CCOP(C)(=O)SCCCCCCC(C)(C)C,4.28,0
D,1,334,O=P(C)(OCC)SCC(C)C,3.2,1
D,1,335,CC(C)CCSP(C)(=O)OCC,3.11,1
D,1,336,CCOP(C)(=O)SCCCC(C)C,2.92,1
D,1,337,CCOP(C)(=O)SCCCCC(C)C,3.95,0
D,1,338,CCOP(C)(=O)SCCCCCCC(C)C,4.34,0
D,1,339,CP(=O)(SCCc1ccccc1)OCC,4.08,0
D,1,340,CP(=O)(OCC)SCCCc1ccccc1,4.26,0
D,1,341,CP(=O)(OCC)SCCCCc1ccccc1,4.53,0
D,1,342,CSCCSP(C)(=O)OCC,4.6,0
D,1,343,CCOP(C)(=O)SCCSCCCC,4.95,0
D,1,344,CCOP(C)(=O)SCCSCCCCCC,5.6,0
D,1,345,CCOP(C)(=O)SCCSCCCCCCCC,5.52,0
D,1,346,CCOP(C)(=O)SCCSCCCCCCCCCC,5.3,0
D,1,347,C[S+](C)CCSP(C)(=O)OCC,7.74,0
D,1,348,C[S+](CCSP(C)(=O)OCC)CCCC,8.34,0
D,1,349,C[S+](CCSP(C)(=O)OCC)CCCCCC,9.04,0
D,1,350,C[S+](CCSP(C)(=O)OCC)CCCCCCCC,8.66,0
D,1,351,C[S+](CCSP(C)(=O)OCC)CCCCCCCCCC,8.66,0
D,1,352,O=P(C)(OC)SCCCC,2.41,1
D,1,352,O=P(C)(OC)SCCCC,2.41,1
D,1,353,CCCOP(C)(=O)SCCCC,3.75,0
D,1,353,CCCOP(C)(=O)SCCCC,3.75,0
D,1,354,CCCCOP(C)(=O)SCCCC,4.15,0
D,1,354,CCCCOP(C)(=O)SCCCC,4.13,0
D,1,355,CCCCCOP(C)(=O)SCCCC,3.83,0
D,1,355,CCCCCOP(C)(=O)SCCCC,3.83,0
D,1,356,CCCCCCOP(C)(=O)SCCCC,3.62,0
D,1,356,CCCCCCOP(C)(=O)SCCCC,3.62,0
D,1,357,CP(=O)(OCCCCCCC)SCCCC,3.65,0
D,1,357,CP(=O)(OCCCCCCC)SCCCC,3.66,0
D,1,358,CP(=O)(OCCCCCCCC)SCCCC,3.61,0
D,1,358,CP(=O)(OCCCCCCCC)SCCCC,3.61,0
D,1,359,CP(=O)(OCCCCCCCCC)SCCCC,3.79,0
D,1,359,CP(=O)(OCCCCCCCCC)SCCCC,3.79,0
D,1,360,CP(=O)(OCCCCCCCCCC)SCCCC,3.46,1
D,1,360,CP(=O)(OCCCCCCCCCC)SCCCC,3.46,1
D,1,361,CCCCSP(C)(=O)OC(C)C,3.51,0
D,1,361,CCCCSP(C)(=O)OC(C)C,3.51,0
D,1,362,CC(C)COP(C)(=O)SCCCC,4.15,0
D,1,362,CC(C)COP(C)(=O)SCCCC,4.17,0
D,1,363,CC(C)CCOP(C)(=O)SCCCC,4.79,0
D,1,363,CC(C)CCOP(C)(=O)SCCCC,4.78,0
D,1,364,CC(C)CCCOP(C)(=O)SCCCC,5.63,0
D,1,364,CC(C)CCCOP(C)(=O)SCCCC,5.63,0
D,1,365,CC(C)CCCCOP(C)(=O)SCCCC,3.97,0
D,1,365,CC(C)CCCCOP(C)(=O)SCCCC,3.97,0
D,1,366,CC(C)CCCCCOP(C)(=O)SCCCC,3.93,0
D,1,366,CC(C)CCCCCOP(C)(=O)SCCCC,3.93,0
D,1,367,CC(C)(C)COP(C)(=O)SCCCC,3.77,0
D,1,368,CCOP(=O)(OCC)OC(CC)CC,2.18,1
D,1,369,CCC(CCOP(=O)(OCC)OCC)CC,4.86,0
D,1,370,CCC(CCCOP(=O)(OCC)OCC)CC,4.91,0
D,1,371,CCC(CCCCOP(=O)(OCC)OCC)CC,4.91,0
D,1,372,CCC(CC)CCCCCOP(=O)(OCC)OCC,5.15,0
D,1,373,CCC(CC)SP(=O)(OCC)OCC,4.08,0
D,1,374,CCC(CSP(=O)(OCC)OCC)CC,5.08,0
D,1,375,CCOP(=O)(OCC)SCCCC(CC)CC,5.56,0
D,1,376,CCOP(=O)(OCC)SCCCCC(CC)CC,5.63,0
D,1,377,CCOP(=O)(OCC)SCCCCCC(CC)CC,5.63,0
D,1,378,CCOP(=O)(OCC)OC(C)(C)C,3.11,1
D,1,379,CCOP(=O)(OCC)OCC(C)(C)C,3.23,1
D,1,380,CCOP(=O)(OCCC(C)(C)C)OCC,4.18,0
D,1,381,CC(C)(C)CCCOP(=O)(OCC)OCC,4.46,0
D,1,382,CC(C)(C)CCCCOP(=O)(OCC)OCC,4.92,0
D,1,383,CC(C)(C)CCSP(=O)(OCC)OCC,4.63,0
D,1,384,CCOP(=O)(OCC)SCCCC(C)(C)C,5.04,0
D,1,385,CCOP(=O)(OCC)SCCCCC(C)(C)C,5.48,0
D,1,386,CCOP(=O)(OCC)OCCC,3.18,1
D,1,387,CCOP(=O)(OCCCC)OCC,2.32,1
D,1,388,CCCCCOP(=O)(OCC)OCC,3.91,0
D,1,389,CCCCCCOP(=O)(OCC)OCC,4.52,0
D,1,390,O=P(OCCCCCCCC)(OCC)OCC,4.62,0
D,1,391,O=P(OCCCCCCCCCC)(OCC)OCC,4.95,0
D,1,392,CCSP(=O)(OCC)OCC,3.79,0
D,1,393,CCCSP(=O)(OCC)OCC,4,0
D,1,394,CCCCSP(=O)(OCC)OCC,3.85,0
D,1,395,CCOP(=O)(OCC)SCCCCC,4.46,0
D,1,396,CCOP(=O)(OCC)SCCCCCC,5,0
D,1,397,CCOP(=O)(OCC)SCCCCCCC,4.91,0
D,1,398,CCOP(=O)(OCC)SCCCCCCCC,4.98,0
D,1,399,CCOP(=O)(OCC)SCCCCCCCCC,5,0
D,1,400,CCOP(=O)(OCC)SCCCCCCCCCC,4.04,0
D,1,401,COP(C)(=O)SCCCCCC,2.79,1
D,1,402,CCCOP(C)(=O)SCCCCCC,4.49,0
D,1,403,CCCCOP(C)(=O)SCCCCCC,4.76,0
D,1,404,CCCCCOP(C)(=O)SCCCCCC,3.58,0
D,1,405,CCCCCCOP(C)(=O)SCCCCCC,3.88,0
D,1,406,CP(=O)(OCCCCCCC)SCCCCCC,3.75,0
D,1,635,CC(C)NP(=O)(NC(C)C)OP(=O)(NC(C)C)NC(C)C,2.98,1
D,1,637,C(N+)(C)(C)CCSP(=O)(OCC)OCC,7.68,0
D,1,672,[O-][N+](=O)c1ccc(OP(C)(=O)SCCCCC)cc1,5.94,0
D,1,673,[O-][N+](=O)c1ccc(OP(C)(=O)SCCC)cc1,5.82,0
D,1,674,[O-][N+](=O)c1ccc(OP(C)(=O)SCC)cc1,5.08,0
D,1,675,[O-][N+](=O)c1ccc(OP(C)(=O)SC)cc1,4.11,0
D,1,681,O=C(N)CSP(=O)(OCC)OCC,1.96,1
D,1,682,O=C(CSP(=O)(OCC)OCC)NC,3.48,1
D,1,683,O=C(CSP(=O)(OCC)OCC)NCC,2.96,1
D,1,684,O=C(CSP(=O)(OCC)OCC)NCCC,2.96,1
D,1,685,O=C(CSP(=O)(OCC)OCC)NC(C)C,2.89,1
D,1,686,O=C(CSP(=O)(OCC)OCC)NCCCC,3.05,1
D,1,688,O=C(CSP(=O)(OCC)OCC)N(CC)CC,3.85,0
D,1,690,O=C(CSP(=O)(OCC)OCC)N(C(C)C)C(C)C,3.36,1
D,1,691,O=C(CSP(=O)(OCC)OCC)N(CCCC)CCCC,4.14,0
D,1,692,COP(=O)(OC)SCC(=O)NC,2.65,1
D,1,693,O=C(CSP(=O)(OCCC)OCCC)NC,4.05,0
D,1,694,O=C(CSP(=O)(OC(C)C)OC(C)C)NC,1.84,1
D,1,696,O=C(CCSP(=O)(OCC)OCC)NC,1.67,1
D,1,697,CC(SP(=O)(OCC)OCC)C(=O)NC,3.27,1
D,1,698,CCOC(=O)CSP(=O)(OC)OC,3.61,0
D,1,699,CCOP(=O)(OCC)SCC(=O)OCC,4.13,0
D,1,700,CCOP(=O)(OCC)SC(C(=O)OCC)C(=O)OCC,5.62,0
D,1,701,O=C(OC(CCOC(=O)CC)SP(=O)(OCC)OCC)CC,5.08,0
D,1,702,CCOP(=O)(OCC)SC(COC(=O)CC)COC(=O)CC,2.3,1
D,1,703,O=C(OC(COC(=O)CC)SP(=O)(OCC)OCC)CC,4.15,0
D,1,704,O=P(OC)(OC)SC(C)C(=O)OCC,4.09,0
D,1,705,CC(SP(=O)(OCC)OCC)C(=O)OCC,3.99,0
D,1,706,COP(=O)(OC)SCCC(=O)OCC,1.18,1
D,1,707,CCOP(=O)(OCC)SCCC(=O)OCC,1.65,1
D,1,717,O=P(OC)(OC)SC,1.48,1
D,1,718,O=P(OC)(SC)SC,2.91,1
D,1,719,O=P(SC)(SC)SC,1.3,1
D,1,720,CCSP(=O)(OCC)(OCC),1.66,1
D,1,721,CCSP(=O)(OCC)(SCC),3.83,0
D,1,722,CCSP(=O)(SCC)(SCC),2.3,1
D,1,723,CSP(=O)(OC)SC(CC(=O)OCC)C(=O)OCC,5.1,0
D,1,724,CCOP(=O)(O\C=C(/Cl)Cl)OCC,5.4,0
D,1,725,O=C(CSP(=O)(OCC)OCC)N(C)C,3.73,0
D,1,726,O=C(CSP(=O)(OCC)OCC)N(CCC)CCC,3.78,0
D,1,727,CCCCOP(=O)(OCCCC)SCC(=O)NC,4.44,0
D,1,741,O=P(OC)(Sc1ccccc1)OC,2.97,1
D,1,742,Clc1ccccc1SP(=O)(OC)OC,3.48,1
D,1,743,Clc1cc(SP(=O)(OC)OC)ccc1,3.03,1
D,1,744,Clc1ccc(SP(=O)(OC)OC)cc1,2.99,1
D,1,745,O=P(OC)(Sc1ccccc1C)OC,2.97,1
D,1,746,O=P(OC)(Sc1cc(C)ccc1)OC,2.82,1
D,1,747,O=P(OC)(Sc1ccc(C)cc1)OC,3.53,0
D,2,189,CC(OP(C)(F)=O)C(C)(C)C,6.39,0
D,2,190,CC(C)OP(C)(F)=O,7.65,0
D,2,191,N#CP(=O)(OCC)N(C)C,7.28,0
D,2,192,CCOP(C)(=O)SCCN(C(C)C)C(C)C,8.6,0
D,2,228,O=P(C)(F)OC1CCCCC1,8.86,0
D,2,229,O=P(OCC)(OCC)Oc1ccc2c(c1)OC(=O)C(Cl)=C2C,6.1,0
D,2,230,O=P(OCC)(OCC)Oc1ccc2c(c1)OC(=O)C=C2C,7.14,0
D,2,231,O=P(OCC)(OCC)Oc1ccc2c(c1)OC(=O)C=C2C(F)(F)F,4.98,0
D,2,232,CN(C)P(=O)(OCC)Oc1ccc2c(c1)OC(=O)C=C2C,4.86,0
D,2,233,CN(C)P(=O)(OCC)Oc1ccc2c(c1)OC(=O)C(Cl)=C2C(F)(F)F,4.82,0
D,2,234,CP(=O)(OCC)Oc1ccc2c(c1)OC(=O)C(Cl)=C2C,7.12,0
D,2,235,CP(=O)(OCC)Oc1ccc2c(c1)OC(=O)C=C2C,6.72,0
D,2,236,CP(=O)(OCC)Oc1ccc2c(c1)OC(=O)C=C2C(F)(F)F,6.9,0
D,2,237,CC(C)OP(C)(=O)Oc1ccc2c(c1)OC(=O)C(Cl)=C2C,6.12,0
D,2,238,CC(C)OP(C)(=O)Oc1ccc2c(c1)OC(=O)C=C2C,6.08,0
D,2,239,CC(C)OP(C)(=O)Oc1ccc2c(c1)OC(=O)C=C2C(F)(F)F,6.24,0
D,2,240,CC(C)COP(C)(=O)Oc1ccc2c(c1)OC(=O)C(Cl)=C2C,8.1,0
D,2,241,CC(C)COP(C)(=O)Oc1ccc2c(c1)OC(=O)C=C2C,8.01,0
D,2,242,CC(C)COP(C)(=O)Oc1ccc2c(c1)OC(=O)C=C2C(F)(F)F,7.56,0
D,2,243,CC(C)(C)C(C)OP(C)(=O)Oc1ccc2c(c1)OC(=O)C(Cl)=C2C,6.53,0
D,2,244,CC(C)(C)C(C)OP(C)(=O)Oc1ccc2c(c1)OC(=O)C=C2C,7.14,0
D,2,245,CC(C)(C)C(C)OP(C)(=O)Oc1ccc2c(c1)OC(=O)C=C2C(F)(F)F,6.46,0
D,2,246,CP(=O)(OC1CCCCC1)Oc2ccc3c(c2)OC(=O)C(Cl)=C3C,8.03,0
D,2,247,CP(=O)(OC1CCCCC1)Oc2ccc3c(c2)OC(=O)C=C3C,8.28,0
D,2,248,CP(=O)(OC1CCCCC1)Oc2ccc3c(c2)OC(=O)C=C3C(F)(F)F,7.58,0
D,2,249,O=P(OCC)(OCC)Oc1ccc2C=C(Cl)C(=O)Oc2c1,6.1,0
D,2,728,CCOP(=O)(OCC)OCC(C)C,3.2,1
D,2,729,CCOP(=O)(OCCC(C)C)OCC,4.11,0
D,2,730,CC(C)CCCOP(=O)(OCC)OCC,4.34,0
D,2,731,CC(C)CCCCOP(=O)(OCC)OCC,4.88,0
D,2,732,CC(C)CSP(=O)(OCC)OCC,3.9,0
D,2,733,CC(C)CCSP(=O)(OCC)OCC,4.04,0
D,2,734,CCOP(=O)(OCC)SCCCC(C)C,4.45,0
D,2,735,CCOP(=O)(OCC)SCCCCC(C)C,5.15,0
D,2,736,CC(C)(C)SP(=O)(OCC)OCC,3.32,1
D,2,737,CC(C)(C)CSP(=O)(OCC)OCC,4,0
D,2,738,CCOP(=O)(OCC)OC(C)C(C)(C)C,3.4,1
D,2,739,CCC(C)(C)SP(=O)(OCC)OCC,4.59,0
D,2,740,CCCC(COP(=O)(OCC)OCC)(CC)CC,5.23,0
D,5,210,NP(=O)(O\N=C(/C#N)c1ccccc1)OCC,8.23,0
D,5,211,CNP(=O)(O\N=C(/C#N)c1ccccc1)OCC,6.65,0
D,5,212,CCNP(=O)(O\N=C(/C#N)c1ccccc1)OCC,5.98,0
D,5,213,CCCNP(=O)(O\N=C(/C#N)c1ccccc1)OCC,5.7,0
D,5,214,CC(C)NP(=O)(O\N=C(/C#N)c1ccccc1)OCC,5.2,0
D,5,215,CC(CC)NP(=O)(O\N=C(/C#N)c1ccccc1)OCC,4.3,0
D,5,216,CN(C)P(=O)(O\N=C(/C#N)c1ccccc1)OCC,4.08,0
D,5,217,Clc1ccc(cc1)C(=N\OP(=O)(NC)OCC)\C#N,4.08,0
D,5,218,Clc1ccc(cc1)C(=N\OP(=O)(NCC)OCC)\C#N,5.54,0
D,5,219,Clc1ccc(cc1)C(=N\OP(=O)(NCCC)OCC)\C#N,5.11,0
D,5,220,O=[N+]([O-])c1ccc(cc1)C(\C#N)=N\OP(=O)(NCC)OCC,5.91,0
D,5,221,COc1ccc(cc1)C(\C#N)=N\OP(=O)(NCC)OCC,4.92,0
D,5,222,CCNP(=O)(O\N=C(/C#N)c1ccc(C)cc1)OCC,5.23,0
D,4,489,C[N+](C)(C)CCSP(C)(=O)OC(C)C,7.33,0
D,3,676,CCOP(=O)(OP(=S)(OCC)CC)CC,6.2,0
B,1,135,CCOP(C)(=O)SCCSCC,4.78,0
B,1,136,C[S+](CCSP(C)(=O)OCC)CC,8.41,0
B,1,190,CC(C)OP(C)(F)=O,7.14,0
B,1,190,CC(C)OP(C)(F)=O,7.13,0
B,1,266,CP(F)(=O)OCC,6.34,0
B,1,267,CP(F)(=O)OCCC,6.64,0
B,1,268,CP(F)(=O)OCCCC,7.14,0
B,1,269,CC(C)COP(C)(F)=O,7.35,0
B,1,342,CSCCSP(C)(=O)OCC,4.61,0
B,1,343,CCOP(C)(=O)SCCSCCCC,4.95,0
B,1,344,CCOP(C)(=O)SCCSCCCCCC,5.61,0
B,1,345,CCOP(C)(=O)SCCSCCCCCCCC,5.52,0
B,1,346,CCOP(C)(=O)SCCSCCCCCCCCCC,5.3,0
B,1,347,C[S+](C)CCSP(C)(=O)OCC,7.77,0
B,1,348,C[S+](CCSP(C)(=O)OCC)CCCC,8.35,0
B,1,349,C[S+](CCSP(C)(=O)OCC)CCCCCC,9.06,0
B,1,350,C[S+](CCSP(C)(=O)OCC)CCCCCCCC,8.64,0
B,1,351,C[S+](CCSP(C)(=O)OCC)CCCCCCCCCC,8.61,0
B,1,482,CC(C)CCSP(C)(=O)OC(C)C,2.86,1
B,1,483,CSCCSP(C)(=O)OC(C)C,4.18,0
B,1,484,CC(C)OP(C)(=O)SCCSCC,4.33,0
B,1,485,CP(=O)(OC(C)C)SCC,2.75,1
B,1,486,O=P(C)(OC(C)C)SCCF,3.86,0
B,1,487,C[S+](C)CCSP(C)(=O)OC(C)C,7.58,0
B,1,488,C[NH+](C)CCSP(C)(=O)OC(C)C,7.01,0
B,1,489,C[N+](C)(C)CCSP(C)(=O)OC(C)C,7.73,0
B,1,490,CN(C)c1cccc(OP(C)(=O)OC(C)C)c1,3.61,0
B,1,491,CP(=O)(OC)SC,2.41,1
B,1,492,CP(=O)(OCC)SC,3.08,1
B,1,493,CP(=O)(OCCC)SC,3.75,0
B,1,494,O=P(C)(OCCCC)SC,3.14,1
B,1,495,CSP(C)(=O)OCCCCC,2.82,1
B,1,496,CCCCCCOP(C)(=O)SC,2.63,1
B,1,497,CP(=O)(OCCCCCCC)SC,2.65,1
B,1,498,CP(=O)(OCCCCCCCC)SC,2.62,1
B,1,499,CP(=O)(OCCCCCCCCC)SC,2.78,1
B,1,500,CP(=O)(OCCCCCCCCCC)SC,2.46,1
B,1,501,CP(=O)(OCC)SCCOc1ccccc1,4.4,0
B,1,502,CP(=O)(OCC)SCCOc1cc(C)ccc1,4.3,0
B,1,503,CP(=O)(OCC)SCCOc1ccc(C)cc1,4.23,0
B,1,504,CP(=O)(OCC)SCCOc1cccc(c1)OC,4.61,0
B,1,505,CP(=O)(OCC)SCCOc1ccc(cc1)OC,4.46,0
B,1,506,Clc1cc(OCCSP(C)(=O)OCC)ccc1,4.93,0
B,1,507,Clc1ccc(OCCSP(C)(=O)OCC)cc1,4.89,0
B,1,508,Brc1ccc(OCCSP(C)(=O)OCC)cc1,4.82,0
B,1,509,CC(C)(C)c1ccc(OCCSP(C)(=O)OCC)cc1,4.21,0
B,1,510,[O-][N+](=O)c1cccc(OCCSP(C)(=O)OCC)c1,5.73,0
B,1,511,[O-][N+](=O)c1ccc(OCCSP(C)(=O)OCC)cc1,5.82,0
B,1,512,CP(=O)(OCC)SCCOc1cccc(O)c1,5.01,0
B,1,513,CP(=O)(OCC)SCCOc1ccc(O)cc1,5.74,0
B,1,514,COc1ccc(cc1)N(C)CCSP(=O)(OCC)OCC,4.7,0
B,1,515,Cc1ccc(cc1)N(C)CCSP(=O)(OCC)OCC,4.27,0
B,1,516,Cc1cc(ccc1)N(C)CCSP(=O)(OCC)OCC,3.98,0
B,1,517,CN(CCSP(=O)(OCC)OCC)c1ccccc1,3.82,0
B,1,518,COc1cccc(c1)N(C)CCSP(=O)(OCC)OCC,3.98,0
B,1,519,CN(CCSP(=O)(OCC)OCC)c1ccc(Cl)cc1,3.82,0
B,1,520,CN(CCSP(=O)(OCC)OCC)c1cc(Cl)ccc1,3.3,1
B,1,521,COc1ccc(cc1)[N+](C)(C)CCSP(=O)(OCC)OCC,7.46,0
B,1,522,Cc1ccc(cc1)[N+](C)(C)CCSP(=O)(OCC)OCC,7.38,0
B,1,523,Cc1cc(ccc1)[N+](C)(C)CCSP(=O)(OCC)OCC,7.5,0
B,1,524,C[N+](C)(CCSP(=O)(OCC)OCC)c1ccccc1,7.4,0
B,1,525,COc1cccc(c1)[N+](C)(C)CCSP(=O)(OCC)OCC,7.63,0
B,1,526,C[N+](C)(CCSP(=O)(OCC)OCC)c1ccc(Cl)cc1,7.35,0
B,1,527,C[N+](C)(CCSP(=O)(OCC)OCC)c1cc(Cl)ccc1,7.59,0
B,1,539,FP(=O)(C)OCCCCC,8.98,0
B,1,540,CC(C)(C)COP(C)(F)=O,7.13,0
B,1,541,CP(=O)(CC)SCCN(C)C,5.23,0
B,1,542,CP(=O)(CCC)SCCN(C)C,6.1,0
B,1,543,CP(=O)(SCCN(C)C)C(C)C,6.03,0
B,1,544,CP(=O)(CCCC)SCCN(C)C,5.15,0
B,1,545,CP(=O)(CC(C)C)SCCN(C)C,5.88,0
B,1,546,CP(=O)(CCCCC)SCCN(C)C,5.04,0
B,1,547,CP(=O)(CC(C)(C)C)SCCN(C)C,5.53,0
B,1,548,CP(=O)(SCCN(C)C)C(C)(C)C(C)C,4.6,0
B,1,549,CP(=O)(CC)SCC[N+](C)(C)C,5.38,0
B,1,550,CP(=O)(CCC)SCC[N+](C)(C)C,6.12,0
B,1,551,CP(=O)(SCC[N+](C)(C)C)C(C)C,6.5,0
B,1,552,CP(=O)(CCCC)SCC[N+](C)(C)C,6.54,0
B,1,553,CP(=O)(CC(C)C)SCC[N+](C)(C)C,6.92,0
B,1,554,CP(=O)(CCCCC)SCC[N+](C)(C)C,6.09,0
B,1,555,CP(=O)(CC(C)(C)C)SCC[N+](C)(C)C,6.48,0
B,1,556,CP(=O)(SCC[N+](C)(C)C)C(C)(C)C(C)C,5.36,0
B,2,190,CC(C)OP(C)(F)=O,7.76,0
B,2,250,FP(=O)(OC(C)C)OC(C)C,5.82,0
B,2,271,[O-][N+](=O)c1ccc(OP(=O)(OCC)OCC)cc1,7.82,0
B,3,207,CC(C)OP(C)(=O)CSCC[N+](C)(C)C,3.09,1
B,3,208,O=P(C)(CSCC[N+](C)(C)C)OC1CCCC1,2.38,1
B,3,209,[O-][N+](=O)c1ccc(OP(C)(=O)SCCCC)cc1,2.97,1
B,3,256,CN(C)CCSP(C)(=O)OCC,6.22,0
B,3,286,[O-][N+](=O)c1ccc(OP(C)(=O)OC(C)C)cc1,6.03,0
B,3,528,BrCSP(=O)(OCC)OCC,4.53,0
B,3,529,BrCSP(=O)(OC(C)C)OC(C)C,4.26,0
B,3,530,BrCSP(=O)(OCCC)OCCC,5.85,0
B,3,531,BrCSP(=O)(OCCCC)OCCCC,6.28,0
B,3,532,CCCCCOP(=O)(OCCCCC)SCBr,6.18,0
B,3,533,CCOP(=O)(OCC)SC(Br)C(=O)OCC,6.52,0
B,3,534,CC(C)OP(=O)(OC(C)C)SC(Br)C(=O)OCC,5.07,0
B,3,535,CCCOP(=O)(OCCC)SC(Br)C(=O)OCC,6.24,0
B,3,536,CCCCOP(=O)(OCCCC)SC(Br)C(=O)OCC,6.6,0
B,3,537,CCCCCOP(=O)(OCCCCC)SC(Br)C(=O)OCC,6.78,0
B,3,538,CCCCCCOP(=O)(OCCCCCC)SC(Br)C(=O)OCC,6,0
G,1,189,CC(OP(C)(F)=O)C(C)(C)C,8.18,0
G,1,189,CC(OP(C)(F)=O)C(C)(C)C,8.14,0
G,1,190,CC(C)OP(C)(F)=O,7.46,0
G,1,190,CC(C)OP(C)(F)=O,6.85,0
G,1,191,N#CP(=O)(OCC)N(C)C,6.13,0
G,1,191,N#CP(=O)(OCC)N(C)C,6.28,0
G,1,192,CCOP(C)(=O)SCCN(C(C)C)C(C)C,7.51,0
G,1,228,O=P(C)(F)OC1CCCCC1,8.33,0
G,1,250,FP(=O)(OC(C)C)OC(C)C,4.3,0
G,2,257,COP(=O)(OC)O\C=C(\Cl)Cl,3.15,1
I,1,189,CC(OP(C)(F)=O)C(C)(C)C,7.95,0
I,1,190,CC(C)OP(C)(F)=O,7.18,0
I,1,191,N#CP(=O)(OCC)N(C)C,6.61,0
I,1,192,CCOP(C)(=O)SCCN(C(C)C)C(C)C,7.53,0
I,1,228,O=P(C)(F)OC1CCCCC1,8.16,0
O,2,189,CC(OP(C)(F)=O)C(C)(C)C,7.56,0
O,2,191,N#CP(=O)(OCC)N(C)C,6.65,0
O,2,192,CCOP(C)(=O)SCCN(C(C)C)C(C)C,8.15,0
O,2,250,FP(=O)(OC(C)C)OC(C)C,4.46,0
O,2,271,[O-][N+](=O)c1ccc(OP(=O)(OCC)OCC)cc1,5.95,0
O,3,257,COP(=O)(OC)O\C=C(\Cl)Cl,4.42,0
O,3,668,O=P(OC)(OC)OC,-1.5,1
O,3,669,CNP(=O)(OC)OC,1.38,1
O,3,670,NP(=O)(OC)SC,4.62,0
O,3,671,O=C(C)NP(=O)(OC)SC,4.78,0
F,2,190,CC(C)OP(C)(F)=O,7.08,0
F,2,223,O=P(C)(C)Oc1ccc(cc1)[N+]([O-])=O,6.09,0
F,2,224,O=P(Oc1ccc(cc1)[N+]([O-])=O)(CC)CC,6.17,0
F,2,225,O=P(Oc1ccc(cc1)[N+]([O-])=O)(CCC)CCC,5.45,0
F,2,226,O=P(Oc1ccc(cc1)[N+]([O-])=O)(CCCC)CCCC,4.9,0
F,2,227,O=P(Oc1ccc(cc1)[N+]([O-])=O)(C(C)C)C(C)C,4.36,0
F,6,250,FP(=O)(OC(C)C)OC(C)C,4.18,0
F,6,270,[O-][N+](=O)c1ccc(OP(=O)(OC)OC)cc1,5.99,0
F,6,271,[O-][N+](=O)c1ccc(OP(=O)(OCC)OCC)cc1,6.25,0
F,6,633,O=P(OC)(OC)SCN1N=Nc2ccccc2C1=O,6.26,0
F,6,634,O=P(OCC)(OCC)SCN1N=Nc2ccccc2C1=O,6.55,0
F,4,258,O=P(C)(OCCC)SCC,2.68,1
F,4,259,CP(=O)(OCC)SC(C)C,2.16,1
F,4,260,CCCCSP(C)(=O)OCC,3.07,1
F,4,261,CCOP(C)(=O)SCCCCC,4.32,0
F,4,262,CSP(C)(=O)OC1CCCC1,2.54,1
F,4,263,CP(=O)(SCCC)OC1CCCC1,4.03,0
F,4,264,CCOP(C)(=O)SCCNCCC,7.69,0
J,2,192,CCOP(C)(=O)SCCN(C(C)C)C(C)C,7.65,0
J,2,205,CC(C)COP(C)(=O)SCCN(CC)CC,8.27,0
J,2,205,CC(C)COP(C)(=O)SCCN(CC)CC,8.27,0
J,2,206,CCCCOP(C)(=O)SCCN(CC)CC,8.16,0
J,2,228,O=P(C)(F)OC1CCCCC1,8.68,0
K,2,192,CCOP(C)(=O)SCCN(C(C)C)C(C)C,7.75,0
K,2,205,CC(C)COP(C)(=O)SCCN(CC)CC,8.29,0
K,2,228,O=P(C)(F)OC1CCCCC1,8.68,0
L,1,192,CCOP(C)(=O)SCCN(C(C)C)C(C)C,7.67,0
L,1,205,CC(C)COP(C)(=O)SCCN(CC)CC,8.15,0
L,6,250,FP(=O)(OC(C)C)OC(C)C,3.48,1
L,6,270,[O-][N+](=O)c1ccc(OP(=O)(OC)OC)cc1,4.72,0
L,6,271,[O-][N+](=O)c1ccc(OP(=O)(OCC)OCC)cc1,5.03,0
L,6,633,O=P(OC)(OC)SCN1N=Nc2ccccc2C1=O,5.45,0
L,6,634,O=P(OCC)(OCC)SCN1N=Nc2ccccc2C1=O,5.71,0
H,5,194,CCC(=O)CNP1(=O)Oc2ccccc2O1,3.45,1
H,5,195,CCC(=O)C(C)NP1(=O)Oc2ccccc2O1,3.37,1
H,5,196,CCC(=O)C(NP1(=O)Oc2ccccc2O1)C(C)C,3.54,0
H,5,197,CCC(=O)C(CCCC)NP1(=O)Oc2ccccc2O1,3.42,1
H,5,198,CCC(=O)C(CC(C)C)NP1(=O)Oc2ccccc2O1,3.5,1
H,5,199,CCC(=O)C(NP1(=O)Oc2ccccc2O1)C(C)CC,3.56,0
H,5,200,CCC(=O)C(CC(=O)OCC)NP1(=O)Oc2ccccc2O1,3.36,1
H,5,201,CCC(=O)C(CC(N)=O)NP1(=O)Oc2ccccc2O1,3.56,0
H,5,202,CCC(=O)C(CCC(=O)OCC)NP1(=O)Oc2ccccc2O1,2.89,1
H,5,203,CCC(=O)C(CCSC)NP1(=O)Oc2ccccc2O1,3.34,1
H,5,204,CCC(=O)C(Cc1ccccc1)NP2(=O)Oc3ccccc3O2,3.53,0
N,5,194,CCC(=O)CNP1(=O)Oc2ccccc2O1,3.33,1
N,5,195,CCC(=O)C(C)NP1(=O)Oc2ccccc2O1,3.41,1
N,5,196,CCC(=O)C(NP1(=O)Oc2ccccc2O1)C(C)C,3.47,1
N,5,197,CCC(=O)C(CCCC)NP1(=O)Oc2ccccc2O1,3.61,0
N,5,198,CCC(=O)C(CC(C)C)NP1(=O)Oc2ccccc2O1,3.85,0
N,5,199,CCC(=O)C(NP1(=O)Oc2ccccc2O1)C(C)CC,3.54,0
N,5,200,CCC(=O)C(CC(=O)OCC)NP1(=O)Oc2ccccc2O1,3.28,1
N,5,201,CCC(=O)C(CC(N)=O)NP1(=O)Oc2ccccc2O1,3.47,1
N,5,202,CCC(=O)C(CCC(=O)OCC)NP1(=O)Oc2ccccc2O1,3.5,1
N,5,203,CCC(=O)C(CCSC)NP1(=O)Oc2ccccc2O1,3.53,0
N,5,204,CCC(=O)C(Cc1ccccc1)NP2(=O)Oc3ccccc3O2,3.55,0
N,2,253,CCOP(=O)(OCC)SCCN(CC)CC,6.84,0
N,2,638,O=S(=O)(N(C)C)c1ccc(OP(=O)(OC)OC)cc1,5.94,0
N,2,677,O=P(OC)(OC)OC(/C)=C/C(=O)N(C)C,4.69,0
N,2,678,CC(C(=O)\C=C(/C)OP(=O)(OC)OC)c1ccccc1,6.63,0
N,2,679,COP(=O)(OC)O\C=C(/Cl)Cl,6.84,0
N,2,680,O=P(OC)(OC)SC(=O)NC,5.97,0
N,3,271,[O-][N+](=O)c1ccc(OP(=O)(OCC)OCC)cc1,7.43,0
N,3,284,[O-][N+](=O)c1ccc(OP(C)(=O)OCC)cc1,6.88,0
N,3,303,[O-][N+](=O)c1ccc(OP(=O)(OCC)CC)cc1,7.18,0
N,3,461,COP(=O)(OC)O\N=C(\Cl)CCl,4.4,0
N,3,462,CCOP(=O)(OCC)O\N=C(\Cl)CCl,5.51,0
N,3,464,CCCOP(=O)(O\N=C(\Cl)CCl)OCCC,4.27,0
N,3,465,CC(C)COP(=O)(O\N=C(\Cl)CCl)OCC(C)C,3.28,1
N,3,466,COP(=O)(OC)O\N=C(\Cl)C,3.76,0
N,3,467,CCOP(=O)(OCC)O\N=C(\Cl)C,4.57,0
N,3,468,CCCOP(=O)(O\N=C(\Cl)C)OCCC,3.76,0
N,3,469,CC(C)COP(=O)(O\N=C(\Cl)C)OCC(C)C,1.82,1
N,3,470,Cl\C(C)=N\OP(=O)(OCCCC)OCCCC,2.65,1
N,3,471,Cl\C(C)=N\OP(=O)(OCCCCC)OCCCCC,3.52,0
N,3,472,Cl\C(=N\OP(=O)(OCCCC)OCCCC)CCl,5.51,0
N,3,473,Cl\C(=N\OP(=O)(OCCCCC)OCCCCC)CCl,3.79,0
N,3,474,COP(=O)(OC)O\N=C(\Cl)C(Cl)Cl,5.5,0
N,3,475,CCOP(=O)(OCC)O\N=C(\Cl)C(Cl)Cl,6.2,0
N,3,476,CCCOP(=O)(O\N=C(\Cl)C(Cl)Cl)OCCC,5.42,0
N,3,477,Cl\C(=N\OP(=O)(OCCCC)OCCCC)C(Cl)Cl,5.21,0
N,3,478,Cl\C(=N\OP(=O)(OCCCCC)OCCCCC)C(Cl)Cl,4.08,0
N,3,479,CCOP(=O)(OCC)O\N=C(\Cl)CC,4.1,0
N,3,480,CCOP(=O)(OCC)O\N=C(\Cl)CCC,3.6,0
N,3,481,CCOP(=O)(OCC)O\N=C(\Cl)CCCC,3.96,0
N,3,639,Clc1cc(OP(N)(=O)OC)c(Cl)cc1Cl,7.04,0
N,3,640,Clc1cc(OP(=O)(NC)OC)c(Cl)cc1Cl,6.04,0
N,3,641,Clc1cc(OP(=O)(NCC)OC)c(Cl)cc1Cl,6,0
N,3,642,Clc1cc(OP(=O)(NCCC)OC)c(Cl)cc1Cl,5.87,0
N,3,643,Clc1cc(OP(=O)(NCCCC)OC)c(Cl)cc1Cl,5.83,0
N,3,644,Clc1cc(OP(=O)(NC(C)C)OC)c(Cl)cc1Cl,4.8,0
N,3,645,Clc1cc(OP(=O)(NC(C)(C)C)OC)c(Cl)cc1Cl,3.4,1
N,3,646,Clc1cc(OP(=O)(OC)N(C)C)c(Cl)cc1Cl,5.28,0
N,3,647,Clc1cc(OP(=O)(NCC)OCC)c(Cl)cc1Cl,6.63,0
N,3,648,Clc1cc(OP(=O)(NCC)OCCC)c(Cl)cc1Cl,6.8,0
N,3,649,Clc1cc(OP(=O)(NCC)OC(C)C)c(Cl)cc1Cl,6.37,0
N,3,650,CSc1ccc(OP(=O)(OCC)OCC)cc1,3.15,1
N,3,651,O=S(C)c1ccc(OP(=O)(OCC)OCC)cc1,4.18,0
N,3,652,COS(=O)c1ccc(cc1)OP(=O)(OCC)OCC,5.18,0
N,3,653,[O-][N+](=O)c1ccc(OP(=O)(OCC)CCC)cc1,7,0
N,3,654,[O-][N+](=O)c1ccc(OP(=O)(OCC)CCCC)cc1,6.6,0
N,3,655,[O-][N+](=O)c1ccc(OP(=O)(OCC)CCCCC)cc1,5.94,0
N,3,656,[O-][N+](=O)c1ccc(OP(=O)(OCC)CCCCCC)cc1,5.84,0
N,3,657,CC(C)P(=O)(OCC)Oc1ccc(cc1)[N+]([O-])=O,5.04,0
N,3,658,CC(C)CP(=O)(OCC)Oc1ccc(cc1)[N+]([O-])=O,5.59,0
N,3,659,CC(C)CCP(=O)(OCC)Oc1ccc(cc1)[N+]([O-])=O,5.69,0
N,3,660,CC(C)CCCP(=O)(OCC)Oc1ccc(cc1)[N+]([O-])=O,5.3,0
N,3,661,[O-][N+](=O)c1ccc(OP(=O)(OCC)CC=C)cc1,5.89,0
N,3,662,[O-][N+](=O)c1ccc(OP(=O)(OCC)CCOCC)cc1,5.49,0
N,3,663,[O-][N+](=O)c1ccc(OP(=O)(OCC)CCl)cc1,5.43,0
N,3,664,CCl(C)P(=O)(OCC)Oc1ccc(cc1)[N+]([O-])=O,5.77,0
N,3,665,[O-][N+](=O)c1ccc(cc1)OP(=O)(OCC)C2CCCCC2,5.79,0
N,3,666,[O-][N+](=O)c1ccc(cc1)OP(=O)(OCC)CC2CCCCC2,5.28,0
N,3,667,[O-][N+](=O)c1ccc(cc1)OP(=O)(OCC)c2ccccc2,4.26,0
N,1,681,O=C(N)CSP(=O)(OCC)OCC,5.09,0
N,1,682,O=C(CSP(=O)(OCC)OCC)NC,4.37,0
N,1,683,O=C(CSP(=O)(OCC)OCC)NCC,4.69,0
N,1,684,O=C(CSP(=O)(OCC)OCC)NCCC,4.7,0
N,1,685,O=C(CSP(=O)(OCC)OCC)NC(C)C,4.53,0
N,1,686,O=C(CSP(=O)(OCC)OCC)NCCCC,4.75,0
N,1,687,O=C(CSP(=O)(OCC)OCC)N(C)C,5.09,0
N,1,688,O=C(CSP(=O)(OCC)OCC)N(CC)CC,6.14,0
N,1,689,O=C(CSP(=O)(OCC)OCC)N(CCC)CCC,4.4,0
N,1,690,O=C(CSP(=O)(OCC)OCC)N(C(C)C)C(C)C,6.47,0
N,1,691,O=C(CSP(=O)(OCC)OCC)N(CCCC)CCCC,4.56,0
N,1,692,COP(=O)(OC)SCC(=O)NC,5.09,0
N,1,693,O=C(CSP(=O)(OCCC)OCCC)NC,4.13,0
N,1,694,O=C(CSP(=O)(OC(C)C)OC(C)C)NC,2.87,1
N,1,695,O=P(OCCCC)(OCCCC)SCC(=O)NC,4.01,0
N,1,696,O=C(CCSP(=O)(OCC)OCC)NC,3.58,0
N,1,697,CC(SP(=O)(OCC)OCC)C(=O)NC,5.06,0
N,1,741,O=P(OC)(Sc1ccccc1)OC,4,0
N,1,742,Clc1ccccc1SP(=O)(OC)OC,4.75,0
N,1,743,Clc1cc(SP(=O)(OC)OC)ccc1,4.37,0
N,1,744,Clc1ccc(SP(=O)(OC)OC)cc1,5.64,0
N,1,745,O=P(OC)(Sc1ccccc1C)OC,5.58,0
N,1,746,O=P(OC)(Sc1cc(C)ccc1)OC,4.79,0
N,1,747,O=P(OC)(Sc1ccc(C)cc1)OC,5.18,0
C,2,223,O=P(C)(C)Oc1ccc(cc1)[N+]([O-])=O,5.92,0
C,2,224,O=P(Oc1ccc(cc1)[N+]([O-])=O)(CC)CC,6.06,0
C,2,225,O=P(Oc1ccc(cc1)[N+]([O-])=O)(CCC)CCC,5.26,0
C,2,226,O=P(Oc1ccc(cc1)[N+]([O-])=O)(CCCC)CCCC,5.09,0
C,2,227,O=P(Oc1ccc(cc1)[N+]([O-])=O)(C(C)C)C(C)C,4.2,0
C,6,250,FP(=O)(OC(C)C)OC(C)C,4.38,0
C,6,270,[O-][N+](=O)c1ccc(OP(=O)(OC)OC)cc1,6.18,0
C,6,271,[O-][N+](=O)c1ccc(OP(=O)(OCC)OCC)cc1,6.6,0
C,6,633,O=P(OC)(OC)SCN1N=Nc2ccccc2C1=O,4.97,0
C,6,634,O=P(OCC)(OCC)SCN1N=Nc2ccccc2C1=O,5.62,0
C,1,428,Cl/C(=N\OP(=O)(OCCCC)OCCCC)CCl,5.96,0
C,1,461,COP(=O)(OC)O\N=C(\Cl)CCl,5.03,0
C,1,462,CCOP(=O)(OCC)O\N=C(\Cl)CCl,4.87,0
C,1,463,CC(C)OP(=O)(OC(C)C)O\N=C(\Cl)CCl,3.85,0
C,1,464,CCCOP(=O)(O\N=C(\Cl)CCl)OCCC,5.1,0
C,1,465,CC(C)COP(=O)(O\N=C(\Cl)CCl)OCC(C)C,5.9,0
M,6,250,FP(=O)(OC(C)C)OC(C)C,4.03,0
M,6,271,[O-][N+](=O)c1ccc(OP(=O)(OCC)OCC)cc1,6.21,0
M,6,635,CC(C)NP(=O)(NC(C)C)OP(=O)(NC(C)C)NC(C)C,1.19,1
M,5,271,[O-][N+](=O)c1ccc(OP(=O)(OCC)OCC)cc1,6.22,0
M,1,636,ClCCP(=O)(CCCl)Oc1ccc2c(c1)OC(=O)C(Cl)=C2C,5.4,0
M,1,637,C(N+)(C)(C)CCSP(=O)(OCC)OCC,6.54,0
E,6,250,FP(=O)(OC(C)C)OC(C)C,4.52,0
E,6,270,[O-][N+](=O)c1ccc(OP(=O)(OC)OC)cc1,5.64,0
E,6,271,[O-][N+](=O)c1ccc(OP(=O)(OCC)OCC)cc1,6.09,0
E,6,633,O=P(OC)(OC)SCN1N=Nc2ccccc2C1=O,5.29,0
E,6,634,O=P(OCC)(OCC)SCN1N=Nc2ccccc2C1=O,6.12,0
P,6,250,FP(=O)(OC(C)C)OC(C)C,3.77,0
P,6,270,[O-][N+](=O)c1ccc(OP(=O)(OC)OC)cc1,4.79,0
P,6,271,[O-][N+](=O)c1ccc(OP(=O)(OCC)OCC)cc1,5.04,0
P,6,633,O=P(OC)(OC)SCN1N=Nc2ccccc2C1=O,6.05,0
P,6,634,O=P(OCC)(OCC)SCN1N=Nc2ccccc2C1=O,5.82,0
Q,6,250,FP(=O)(OC(C)C)OC(C)C,2.78,1
Q,6,270,[O-][N+](=O)c1ccc(OP(=O)(OC)OC)cc1,4.15,0
Q,6,271,[O-][N+](=O)c1ccc(OP(=O)(OCC)OCC)cc1,4.6,0
Q,6,633,O=P(OC)(OC)SCN1N=Nc2ccccc2C1=O,4.34,0
Q,6,634,O=P(OCC)(OCC)SCN1N=Nc2ccccc2C1=O,4.61,0
R,1,741,O=P(OC)(Sc1ccccc1)OC,3.26,1
R,1,742,Clc1ccccc1SP(=O)(OC)OC,4.3,0
R,1,743,Clc1cc(SP(=O)(OC)OC)ccc1,4.22,0
R,1,744,Clc1ccc(SP(=O)(OC)OC)cc1,4.53,0
R,1,745,O=P(OC)(Sc1ccccc1C)OC,4.41,0
R,1,746,O=P(OC)(Sc1cc(C)ccc1)OC,3.94,0
R,1,747,O=P(OC)(Sc1ccc(C)cc1)OC,3.62,0